Supplier Name,Product Name,Brand,MPN,EAN,Supplier stock,Supplier Cost,,,,,,,,
Nektova,Amazon Adjustable Stand for Echo Show 8 (3rd Gen) with USB-C Charging Port ( Black),Amazon,B0BVP386MC,8.40269E+11,194,$15.00 ,,Supplier Name,Brand,Product name,EAN,MPN,Supplier Cost,Supplier stock
Nektova,Amazon Echo Show 5 Kids (3rd Generation) - Galaxy,Amazon,B09B2SB77Q,8.40081E+11,124,$55.00 ,,,,,,,,
Nektova,Amazon Echo Show 5 Kids (3rd Generation) - Galaxy - Ca Spec,Amazon,8.40269E+11,8.40269E+11,660,$55.00 ,,,,,,,,
Nektova,Amazon Fire 7 Kids  (2022)  tablet with Wi-Fi 16 GB - Red,Amazon,B0BL8T7R1T,8.40081E+11,14,$62.00 ,,,,,,,,
Nektova,Amazon Fire 7 Kids  (2022) tablet with Wi-Fi 16 GB - Blue,Amazon,B0BLBLRLJB,8.40269E+11,11,$62.00 ,,,,,,,,
Nektova,Amazon Fire HD 10 Kids Tablet (2023 Release) - 32GB with Wi-Fi - Blue,Amazon,B0BL5SZ3VV,8.40269E+11,"1,000+",$89.00 ,,,,,,,,
Nektova,Amazon Fire HD 8 32GB Tablet - Black - CA,Amazon,Firehd8blkCa,8.40415E+11,14,$57.00 ,,,,,,,,
Nektova,Amazon Fire HD 8 tablet - 3GB memory - 32GB (2024) - Black,Amazon,B0CVDN4QS6,8.40415E+11,"1,000+",$55.00 ,,,,,,,,
Nektova,Amazon Fire HD 8 tablet - 3GB memory - 32GB (2024) - Hibiscus,Amazon,B0CVD9FV99,8.40415E+11,288,$55.00 ,,,,,,,,
Nektova,Amazon Fire HD 8 Tablet - 64 GB (2022 release)  Black,Amazon,B09BG56K7R,8.40081E+11,57,$63.00 ,,,,,,,,
Nektova,Amazon Fire HD 8 Tablet - 64 GB (2022 release)  Denim,Amazon,B09BG5LXHH,8.40081E+11,112,$63.00 ,,,,,,,,
Nektova,"Amazon Fire HD 8 tablet,  32 GB,  (2022 release), Black",Amazon,B099Z8HLHT,8.40081E+11,13,$62.00 ,,,,,,,,
Nektova,Amazon Fire TV Blaster - Add Alexa voice controls for power and volume on your TV and soundbar,Amazon,B075F9PYGR,8.41667E+11,114,$19.00 ,,,,,,,,
Nektova,"Amazon Fire TV Stick HD, free and live TV, Alexa Voice Remote, smart home controls, HD streaming (2024) - Black",Amazon,B0CQMRKRV5,8.40415E+11,"1,000+",$26.00 ,,,,,,,,
Nektova,"Amazon Kindle Colorsoft Signature Edition (32 GB) – With color display, wireless charging, and long battery life - 2024 - Metallic Black",Amazon,B0CN3XR57P,8.40269E+11,236,$258.00 ,,,,,,,,
Nektova,Amazon Kindle Kids (16 GB) -  Ocean Explorer,Amazon,B0CNVBS5JN,8.40415E+11,14,$119.00 ,,,,,,,,
Nektova,Amazon Kindle Kids (16 GB) - Space Whale,Amazon,B0CNVBQK38,8.40415E+11,21,$119.00 ,,,,,,,,
Nektova,Amazon Kindle Kids (16 GB) - Unicorn Valley,Amazon,B0CNV9CQK8,8.40415E+11,20,$119.00 ,,,,,,,,
Nektova,Amazon Kindle Paperwhite Kids (16 GB) -Cyber City,Amazon,B0CFPNV5KM,8.40269E+11,50,$157.00 ,,,,,,,,
Nektova,Amazon Kindle Paperwhite Kids (16 GB) – Starfish,Amazon,B0CFPS7ZY9,8.40269E+11,32,$157.00 ,,,,,,,,
Nektova,Amazon Smart Air quality Monitor,Amazon,53026875,8.40081E+11,"1,000+",$35.00 ,,,,,,,,
Nektova,"2022 Apple 12.9-inch iPad Pro (Wi-Fi, 128GB) - Space Gray (6th Generation)",Apple,MNXP3LL/A,1.94253E+11,30,$899.00 ,,,,,,,,
Nektova,Apple AirPods (3rd generation) with Lightning Charging Case,Apple,MPNY3LL/A,1.9595E+11,"1,000+",$102.00 ,,,,,,,,
Nektova,Apple AirPods (3rd generation) with Lightning Charging Case,Apple,MPNY3AM/A,1.94253E+11,23,$102.00 ,,,,,,,,
Nektova,Apple AirPods 4 - White,Apple,MXP63LL/A,1.9595E+11,79,$104.00 ,,,,,,,,
Nektova,Apple AirPods 4 with Active Noise Cancellation - White,Apple,MXP93LL/A,1.9595E+11,192,$152.00 ,,,,,,,,
Nektova,Apple AirTag (4-Pack) - Silver,Apple,MX542LL/A,1.9595E+11,"1,000+",$74.00 ,,,,,,,,
Nektova,Apple iPad 10.9-Inch (Latest Model) with Wi-Fi - 256GB - Blue,Apple,MPQ93LL/A,1.94253E+11,207,$369.00 ,,,,,,,,
Nektova,Apple iPad 10.9-Inch (Latest Model) with Wi-Fi - 256GB - Silver,Apple,MPQ83LL/A,1.94253E+11,45,$369.00 ,,,,,,,,
Nektova,"Apple iPad 11"" A16 chip with Wi-Fi - 128GB - Pink",Apple,MD4E4LL/A,1.9595E+11,24,$325.00 ,,,,,,,,
Nektova,"Apple iPad 11"" A16 chip with Wi-Fi - 256GB - Blue",Apple,MD4H4LL/A,1.9595E+11,103,$415.00 ,,,,,,,,
Nektova,"Apple iPad 11"" A16 chip with Wi-Fi - 256GB - Pink",Apple,MD4P4LL/A,1.9595E+11,33,$415.00 ,,,,,,,,
Nektova,"Apple iPad 11"" A16 chip with Wi-Fi - 256GB - Silver",Apple,MD4G4LL/A,1.9595E+11,138,$415.00 ,,,,,,,,
Nektova,"Apple iPad 11"" A16 chip with Wi-Fi - 512GB - Blue",Apple,MD4Y4LL/A,1.9595E+11,25,$590.00 ,,,,,,,,
Nektova,"Apple iPad 11"" A16 chip with Wi-Fi - 512GB - Silver",Apple,MD4Q4LL/A,1.9595E+11,20,$590.00 ,,,,,,,,
Nektova,"Apple iPad Air 11"" M2 chip Built for Apple Intelligence Wi-Fi 512GB - Starlight",Apple,MUWN3LL/A,1.95949E+11,19,$779.00 ,,,,,,,,
Nektova,"Apple iPad Air 11"" M3 chip Built for Apple Intelligence Wi-Fi 128GB - Blue",Apple,MC9X4LL/A,1.9595E+11,67,$509.00 ,,,,,,,,
Nektova,"Apple iPad Air 11"" M3 chip Built for Apple Intelligence Wi-Fi 512GB - Blue",Apple,MCA94LL/A,1.9595E+11,106,$799.00 ,,,,,,,,
Nektova,"Apple iPad Air 11"" M3 chip Built for Apple Intelligence Wi-Fi 512GB - Purple",Apple,MCAE4LL/A,1.9595E+11,24,$799.00 ,,,,,,,,
Nektova,"Apple iPad Air 11"" M3 chip Built for Apple Intelligence Wi-Fi 512GB - Space Gray",Apple,MCA74LL/A,1.9595E+11,87,$799.00 ,,,,,,,,
Nektova,"Apple iPad Air 11"" M3 chip Built for Apple Intelligence Wi-Fi 512GB - Starlight",Apple,MCAA4LL/A,1.9595E+11,100,$799.00 ,,,,,,,,
Nektova,Apple iPad mini (A17 Pro chip) - Wi-Fi 128GB - Purple,Apple,MXN93LL/A,1.9595E+11,14,$399.00 ,,,,,,,,
Nektova,Apple iPad mini (A17 Pro chip) - Wi-Fi 128GB - Starlight,Apple,MXN83LL/A,1.9595E+11,17,$405.00 ,,,,,,,,
Nektova,Apple iPad Mini 6 - 256GB WiFi (2021) - Space Gray,Apple,MK7T3LL/A,1.94253E+11,44,$490.00 ,,,,,,,,
Nektova,Apple iPad Mini 6 - 256GB WiFi (2021) - Starlight,Apple,MK7V3LL/A,1.94253E+11,71,$490.00 ,,,,,,,,
Nektova,Apple iPad mini 7 (A17 Pro chip) -  Wi-Fi 256GB - Space Gray,Apple,MXNA3LL/A,1.9595E+11,65,$495.00 ,,,,,,,,
Nektova,Apple iPad mini 7 (A17 Pro chip) - Wi-Fi 256GB - Blue,Apple,MXNC3LL/A,1.9595E+11,133,$495.00 ,,,,,,,,
Nektova,Apple iPad mini 7 (A17 Pro chip) - Wi-Fi 256GB - Purple,Apple,MXNE3LL/A,1.9595E+11,143,$495.00 ,,,,,,,,
Nektova,Apple iPad Mini 7 (A17 Pro Chip) - Wi-Fi 512GB - Blue,Apple,MYH13LL/A,1.9595E+11,16,$690.00 ,,,,,,,,
Nektova,Apple iPad Mini 7 (A17 Pro Chip) - Wi-Fi 512GB - Purple,Apple,MYH33LL/A,1.9595E+11,18,$690.00 ,,,,,,,,
Nektova,Apple iPad Mini 7 (A17 Pro Chip) - Wi-Fi 512GB - Space Grey,Apple,MYGY3LL/A,1.9595E+11,13,$690.00 ,,,,,,,,
Nektova,Apple MacBook Air 13-inch Apple M4 chip Built for Apple Intelligence - 16GB Memory - 256GB SSD - Midnight,Apple,MW123LL/A,1.9595E+11,162,$870.00 ,,,,,,,,
Nektova,Apple MacBook Air 13-inch Apple M4 chip Built for Apple Intelligence - 16GB Memory - 256GB SSD - Sky Blue,Apple,MC6T4LL/A,1.9595E+11,91,$859.00 ,,,,,,,,
Nektova,Apple MacBook Air 13-inch Apple M4 chip Built for Apple Intelligence - 16GB Memory - 256GB SSD - Starlight,Apple,MW0Y3LL/A,1.9595E+11,136,$859.00 ,,,,,,,,
Nektova,Apple MacBook Air 13-inch Apple M4 chip Built for Apple Intelligence - 16GB Memory - 512GB SSD - Midnight,Apple,MW133LL/A,1.9595E+11,22,"$1,080.00 ",,,,,,,,
Nektova,Apple MacBook Air 13-inch Apple M4 chip Built for Apple Intelligence - 24GB Memory - 512GB SSD - Midnight,Apple,MC6C4LL/A,1.9595E+11,110,"$1,270.00 ",,,,,,,,
Nektova,Apple MacBook Air 13-inch Apple M4 chip Built for Apple Intelligence - 24GB Memory - 512GB SSD - Silver,Apple,MC654LL/A,1.9595E+11,38,"$1,270.00 ",,,,,,,,
Nektova,Apple MacBook Air 13-inch Apple M4 chip Built for Apple Intelligence - 24GB Memory - 512GB SSD - Sky Blue,Apple,MC6V4LL/A,1.9595E+11,114,"$1,270.00 ",,,,,,,,
Nektova,Apple MacBook Air 13-inch Apple M4 chip Built for Apple Intelligence - 24GB Memory - 512GB SSD - Starlight,Apple,MC6A4LL/A,1.9595E+11,14,"$1,270.00 ",,,,,,,,
Nektova,"Apple MacBook Air 13.3"" - Apple M1 chip - 8GB Memory - 256GB SSD (Latest Model) - Gold",Apple,MGND3LL/A,1.94252E+11,119,$609.00 ,,,,,,,,
Nektova,"Apple MacBook Air 13.3"" - Apple M1 chip - 8GB Memory - 256GB SSD (Latest Model) - Silver",Apple,MGN93LL/A,1.94252E+11,11,$609.00 ,,,,,,,,
Nektova,Apple MacBook Air 15-inch Apple M4 chip Built for Apple Intelligence - 16GB Memory - 256GB SSD - Midnight,Apple,MW1L3LL/A,1.9595E+11,90,"$1,080.00 ",,,,,,,,
Nektova,Apple MacBook Air 15-inch Apple M4 chip Built for Apple Intelligence - 16GB Memory - 256GB SSD - Silver,Apple,MW1G3LL/A,1.9595E+11,129,"$1,070.00 ",,,,,,,,
Nektova,Apple MacBook Air 15-inch Apple M4 chip Built for Apple Intelligence - 16GB Memory - 256GB SSD - Sky Blue,Apple,MC7A4LL/A,1.9595E+11,23,"$1,080.00 ",,,,,,,,
Nektova,Apple MacBook Air 15-inch Apple M4 chip Built for Apple Intelligence - 16GB Memory - 256GB SSD - Starlight,Apple,MW1J3LL/A,1.9595E+11,80,"$1,080.00 ",,,,,,,,
Nektova,Apple MacBook Air 15-inch Apple M4 chip Built for Apple Intelligence - 16GB Memory - 512GB SSD - Starlight,Apple,MW1K3LL/A,1.9595E+11,53,"$1,270.00 ",,,,,,,,
Nektova,"Apple Macbook Pro 14"" (2024) - Apple M4 Chip - 10-core - 16GB Memory - 512GB SSD - Space Grey",Apple,MW2U3LL/A,1.9595E+11,31,"$1,380.00 ",,,,,,,,
Nektova,Apple MacBook Pro 14-inch Apple M4 chip Built for Apple Intelligence - 16GB Memory - 512GB SSD - Silver,Apple,MW2W3LL/A,1.9595E+11,22,"$1,400.00 ",,,,,,,,
Nektova,Apple Pencil - USB C,Apple,MUWA3AM/A,1.95949E+11,56,$72.00 ,,,,,,,,
Nektova,Apple Watch SE 2nd Generation (GPS) 40mm Aluminum Case with Denim Sport Band - M/L - Silver,Apple,MXED3LL/A,1.9595E+11,75,$175.00 ,,,,,,,,
Nektova,Apple Watch SE 2nd Generation (GPS) 40mm Aluminum Case with Denim Sport Band - S/M - Silver,Apple,MXEC3LL/A,1.9595E+11,326,$175.00 ,,,,,,,,
Nektova,Apple Watch SE 2nd Generation (GPS) 40mm Aluminum Case with Lake Green Sport Loop - Starlight,Apple,MXEH3LL/A,1.9595E+11,150,$175.00 ,,,,,,,,
Nektova,Apple Watch SE 2nd Generation (GPS) 40mm Aluminum Case with Midnight Sport Band - M/L - Midnight,Apple,MXE93LL/A,1.9595E+11,473,$175.00 ,,,,,,,,
Nektova,Apple Watch SE 2nd Generation (GPS) 40mm Aluminum Case with Midnight Sport Band - S/M - Midnight,Apple,MXE73LL/A,1.9595E+11,766,$175.00 ,,,,,,,,
Nektova,Apple Watch SE 2nd Generation (GPS) 40mm Aluminum Case with Starlight Sport Band - M/L - Starlight,Apple,MXEG3LL/A,1.9595E+11,327,$175.00 ,,,,,,,,
Nektova,Apple Watch SE 2nd Generation (GPS) 40mm Aluminum Case with Starlight Sport Band - S/M - Starlight,Apple,MXEF3LL/A,1.9595E+11,523,$175.00 ,,,,,,,,
Nektova,Apple Watch SE 2nd Generation (GPS) 44mm Aluminum Case with Denim Sport Band - M/L - Silver,Apple,MXER3LL/A,1.9595E+11,186,$205.00 ,,,,,,,,
Nektova,Apple Watch SE 2nd Generation (GPS) 44mm Aluminum Case with Denim Sport Band - S/M - Silver,Apple,MXEQ3LL/A,1.9595E+11,36,$205.00 ,,,,,,,,
Nektova,Apple Watch SE 2nd Generation (GPS) 44mm Aluminum Case with Ink Sport Loop - Midnight,Apple,MXEP3LL/A,1.9595E+11,250,$205.00 ,,,,,,,,
Nektova,Apple Watch SE 2nd Generation (GPS) 44mm Aluminum Case with Lake Green Sport Loop - Starlight,Apple,MXEW3LL/A,1.9595E+11,36,$210.00 ,,,,,,,,
Nektova,Apple Watch SE 2nd Generation (GPS) 44mm Aluminum Case with Midnight Sport Band - M/L - Midnight,Apple,MXEK3LL/A,1.9595E+11,360,$205.00 ,,,,,,,,
Nektova,Apple Watch SE 2nd Generation (GPS) 44mm Aluminum Case with Midnight Sport Band - S/M - Midnight,Apple,MXEJ3LL/A,1.9595E+11,249,$205.00 ,,,,,,,,
Nektova,Apple Watch SE 2nd Generation (GPS) 44mm Aluminum Case with Starlight Sport Band - M/L - Starlight,Apple,MXEV3LL/A,1.9595E+11,318,$205.00 ,,,,,,,,
Nektova,Apple Watch SE 2nd Generation (GPS) 44mm Aluminum Case with Starlight Sport Band - S/M - Starlight,Apple,MXEU3LL/A,1.9595E+11,92,$205.00 ,,,,,,,,
Nektova,Apple Watch Series 10 (GPS) 46mm Aluminum Case with Denim Sport Band - M/L - Silver,Apple,MWWM3LW/A,1.9595E+11,56,$339.00 ,,,,,,,,
Nektova,Apple Watch Series 10 (GPS) 46mm Aluminum Case with Ink Sport Loop - Jet Black,Apple,MWWR3LW/A,1.9595E+11,496,$339.00 ,,,,,,,,
Nektova,Apple Watch Series 10 (GPS) 46mm Aluminum Case with Light Blush Sport Band - M/L - Rose Gold,Apple,MWWU3LW/A,1.9595E+11,"1,000+",$339.00 ,,,,,,,,
Nektova,Apple Watch Series 10 (GPS) 46mm Aluminum Case with Plum Sport Loop - Rose Gold,Apple,MWWV3LW/A,1.9595E+11,471,$339.00 ,,,,,,,,
Nektova,Apple Watch Ultra 2 (GPS+Cellular) 49mm Titanium Case with Black Trail Loop - M/L - Black - (2024),Apple,MX4V3LW/A,1.9595E+11,37,$718.00 ,,,,,,,,
Nektova,Backbone - One - Carrying Case Black,Backbone,CC-01-B-R,8.50042E+11,709,$6.00 ,,,,,,,,
Nektova,Backbone One V2 Controller (Lightning) iPhone - Black,Backbone,BB-02-P-BR,8.50042E+11,718,$49.00 ,,,,,,,,
Nektova,Backbone One V2 Controller (Lightning) iPhone - White,Backbone,BB-02-P-WS,8.50042E+11,771,$49.00 ,,,,,,,,
Nektova,Beats Solo 4 Bluetooth Wireless On-Ear Headphones - Black & Gold,Beats,MC2L4LL/A,1.9595E+11,89,$105.00 ,,,,,,,,
Nektova,Beats Solo 4 Bluetooth Wireless On-Ear Headphones - Cloud Pink,Beats,MUW33LL/A,1.95949E+11,248,$105.00 ,,,,,,,,
Nektova,Beats Solo 4 Bluetooth Wireless On-Ear Headphones - Matte Black,Beats,MUW23LL/A,1.95949E+11,307,$105.00 ,,,,,,,,
Nektova,Beats Solo 4 Bluetooth Wireless On-Ear Headphones - Slate Blue,Beats,MUW43LL/A,1.95949E+11,247,$105.00 ,,,,,,,,
Nektova,Beats Studio Pro - Wireless Noise Cancelling Over-the-Ear Headphones - Black & Gold,Beats,MC2N4LL/A,1.9595E+11,129,$169.00 ,,,,,,,,
Nektova,Beats Studio3 Wireless Noise Cancelling Headphones with Apple W1 Headphone Chip - White,Beats,MX3Y2LL/A,1.90199E+11,"1,000+",$105.00 ,,,,,,,,
Nektova,Beats Studio3 Wireless Noise Cancelling Over-Ear Headphones - Apple W1 Headphone  - Shadow Gray,Beats,MXJ92LL/A,1.90199E+11,571,$105.00 ,,,,,,,,
Nektova,Beats Studio3 Wireless Noise Cancelling Over-Ear Headphones - Apple W1 Headphone Chip - Matte Black,Beats,MX3X2LL/A,1.90199E+11,"1,000+",$105.00 ,,,,,,,,
Nektova,Berrcom Non-Contact Infrared Thermometer,Berrcom,JXB-178B,6.94766E+12,25,$10.00 ,,,,,,,,
Nektova,Blink - Smart Wifi Video Doorbell – Wired/Battery Operated with Sync Module 2 - Black,Blink,B08SGC46M9,8.40081E+11,12,$29.00 ,,,,,,,,
Nektova,Blink Mini Pan-Tilt Mount for Mini Smart,Blink,B08Z6MHCBW,8.40081E+11,"1,000+",$6.99 ,,,,,,,,
Nektova,BlueFlame 4 Way Headphone Splitter White BF2060,Blue Flame,BF2060,6.07266E+11,16,$0.00 ,,,,,,,,
Nektova,Bose QuietComfort Bluetooth Wireless Headphones - Blue Dusk,Bose,884367-1300,17817854603,116,$195.00 ,,,,,,,,
Nektova,Bose QuietComfort Bluetooth Wireless Headphones - Lilac,Bose,884367-1200,17817854597,108,$195.00 ,,,,,,,,
Nektova,Bose QuietComfort Bluetooth Wireless Headphones - white smoke,Bose,884367-0200,17817848985,76,$195.00 ,,,,,,,,
Nektova,Bose SoundLink Revolve+ II Portable Bluetooth Speaker - Luxe Silver,Bose,858366-1310,17817825429,12,$179.00 ,,,,,,,,
Nektova,Dell 22 Monitor - SE2225H,Dell,SE2225H,8.84116E+11,132,$75.00 ,,,,,,,,
Nektova,"Dell Inspiron 15.6"" FHD TOUCHSCREEN Laptop - AMD Ryzen 7 7730U - 16GB RAM - 512GB SSD - Windows 11",Dell,i3535-A813BLK-PUS,8.84116E+11,18,$480.00 ,,,,,,,,
Nektova,"Dell Inspiron 2-in-1 14"" FHD+ TOUCHSCREEN Laptop - AMD Ryzen 5 8640HS -  8GB Ram - 512GB SSD - win11 - Blue",Dell,i7445-5333BLU-PUS,8.84116E+11,427,$425.00 ,,,,,,,,
Nektova,Dell USB Slim DVD+/- RW Drive - Plug and Play - DW316 - Black,Dell,DW316,8.84116E+11,186,$23.00 ,,,,,,,,
Nektova,Dyson AM09 Hot + Cool Fan Heater - Iron/Silver,Dyson,61874-01-Dup,8.85609E+11,13,$319.00 ,,,,,,,,
Nektova,"Dyson Ball Multi Floor 2 Upright Vacuum, Iron/Yellow (Renewed)",Dyson,227633-01/33417502-CRG,8.85609E+11,39,$199.00 ,,,,,,,,
Nektova,Dyson Zone Absolute + BLCP,Dyson,376067-01,5.02516E+12,481,$195.00 ,,,,,,,,
Nektova,Dyson Zone Wireless Bluetooth Noise-Cancelling Air Purifying Headphones,Dyson,N663594W,5.02516E+12,965,$195.00 ,,,,,,,,
Nektova,ecobee SmartSensor (2 Pack) EB-RSHM2PK-01 - White,Ecobee,EB-RSHM2PK-01,6.27988E+11,10,$60.00 ,,,,,,,,
Nektova,College Football 25 Standard Edition - PlayStation 5,Electronic Arts,38203,14633382037,33,$7.99 ,,,,,,,,
Nektova,Madden NFL 25 Standard Edition - PlayStation 5,Electronic Arts,38292,14633382921,100,$34.99 ,,,,,,,,
Nektova,"Extra Fitbit Band for Luxe, Gray",Fitbit,Luxe-Band-Gray,8.10039E+11,117,$3.00 ,,,,,,,,
Nektova,"Extra Fitbit Band for Luxe, Pink",Fitbit,Luxe-Band-Pink,8.10039E+11,183,$3.00 ,,,,,,,,
Nektova,Fitbit Inspire 3 Health & Fitness Tracker - Midnight Zen,Fitbit,FB424BKBK-US,8.10074E+11,16,$76.00 ,,,,,,,,
Nektova,Fujifilm - Instax Link Wide Wireless Photo Printer - Ash White,Fuji,16719550,74101204759,32,$119.99 ,,,,,,,,
Nektova,Fujifilm Instax Mini EVO Instant Camera - Brown,Fuji,16812534,74101208467,50,$220.00 ,,,,,,,,
Nektova,Fujifilm Instax Mini Evo Instant Film Camera - Black,Fuji,85725124,74101204957,100,$220.00 ,,,,,,,,
Nektova,Garmin Dash Cam 67W - Eu spec,Garmin,010-02505-15,7.53759E+11,413,$164.00 ,,,,,,,,
Nektova,Google Pixel Buds A-Series - White,Google,GA02213-EU,1.93575E+11,900,$70.00 ,,,,,,,,
Nektova,Google TV Streamer (4K) - Porcelain,Google,GA05662-US,8.10037E+11,12,$95.00 ,,,,,,,,
Nektova,Google TV Streamer (4K) - Porcelain - CA SPEC,Google,GA05662-CA,8.10037E+11,"1,000+",$95.00 ,,,,,,,,
Nektova,GoPro HERO11 Black Mini,GoPro,CHDHF-111-TH,8.18279E+11,125,$145.00 ,,,,,,,,
Nektova,"HP 14"" HD Laptop - Intel Processor N150 - 4GB Ram - 128GB UFS - Win11 - Sky Blue",HP,14-dq6012dx,1.9899E+11,69,$185.00 ,,,,,,,,
Nektova,"HP Envy 2-in-1 14"" FHD TouchScreen Laptop - Intel Core 5 - 8GB Ram - 512GB SSD - Win11 - Silver",HP,14-es1013dx,1.98122E+11,84,$449.00 ,,,,,,,,
Nektova,"HP Victus 15.6"" FHD Gaming Laptop - Intel Core i7 - 16GB Ram - NVIDIA GeForce RTX 4050 - 512GB SSD - Win 11 - Blue",HP,15-fa1163dx,1.98122E+11,314,$799.00 ,,,,,,,,
Nektova,HP Victus 15.6” FHD Gaming Laptop - Intel Core i5-13420H - 16GB RAM - RTX 4050 Mica Silver - 512GB SSD - Win 11 - Black,HP,15-fa2709wm,1.98991E+11,126,$659.00 ,,,,,,,,
Nektova,"iRobot Roomba Combo i3+ (3574) Robot Vacuum & Mop – Self-Empty for Up to 60 Days, Clean by Room with Smart Mapping, Dual Multi-Surface Brushes for a Thorough Clean, Ideal for Homes with Pets",irobot,i357420,8.85155E+11,23,$339.00 ,,,,,,,,
Nektova,JBL XTREME3 Portable Bluetooth Speaker - Black,JBL,JBLXTREME3BLKAM,50036375054,293,$159.00 ,,,,,,,,
Nektova,"Lavazza BLUE Classy Mini Single Serve Espresso Coffee Machine LB 300, 5.3"" x 13"" x 10.2"" 2 Coffee selections: simple touch controls, 1 programmable free dose and 1 pre-set",Lavazza,LB300,41953000648,10,$66.00 ,,,,,,,,
Nektova,Lego 75343 Star Wars Dark Trooper Helmet,Lego,LEGO-75343,5.70202E+12,277,$88.00 ,,,,,,,,
Nektova,LEGO Botanical Collection Succulents,Lego,10309,6.73419E+11,11,$20.49 ,,,,,,,,
Nektova,LEGO City Burger Truck,Lego,60404,6.73419E+11,181,$11.00 ,,,,,,,,
Nektova,LEGO City Police Car,Lego,60312,6.73419E+11,38,$3.99 ,,,,,,,,
Nektova,LEGO City Police Car and Muscle Car Chase,Lego,60415,6.73419E+11,141,$8.49 ,,,,,,,,
Nektova,LEGO Classic Gray Baseplate,Lego,11024,6.73419E+11,72,$5.99 ,,,,,,,,
Nektova,LEGO Classic Green Baseplate,Lego,11023,6.73419E+11,72,$5.00 ,,,,,,,,
Nektova,LEGO Classic White Baseplate,Lego,11026,6.73419E+11,12,$3.99 ,,,,,,,,
Nektova,LEGO Creator  Flatbed Truck with Helicopter 3 in 1,Lego,31146,6.73419E+11,64,$10.00 ,,,,,,,,
Nektova,LEGO Creator Space Shuttle,Lego,31134,6.73419E+11,495,$8.00 ,,,,,,,,
Nektova,LEGO DREAMZzz Zoey's Cat Motorcycle,Lego,71479,6.73419E+11,21,$8.99 ,,,,,,,,
Nektova,LEGO Friends Beach Water Scooter,Lego,42623,6.73419E+11,25,$5.49 ,,,,,,,,
Nektova,LEGO Friends Horse and Pony Trailer,Lego,42634,6.73419E+11,11,$8.49 ,,,,,,,,
Nektova,LEGO Friends Karaoke Music Party,Lego,42610,6.73419E+11,171,$10.00 ,,,,,,,,
Nektova,LEGO Lotus Flowers,Lego,40647,6.73419E+11,238,$5.49 ,,,,,,,,
Nektova,LEGO NINJAGO Jay's Mech Battle Pack,Lego,71805,6.73419E+11,139,$5.49 ,,,,,,,,
Nektova,LEGO Sonic The Hedgehog Shadow's Escape,Lego,76995,6.73419E+11,392,$12.00 ,,,,,,,,
Nektova,LEGO Speed Champions Audi S1 e-tron Quattro,Lego,76921,6.73419E+11,64,$15.00 ,,,,,,,,
Nektova,LEGO Star Wars Captain Rex Y-Wing Microfighter,Lego,75391,6.73419E+11,62,$6.00 ,,,,,,,,
Nektova,LEGO Sunflowers,Lego,40524,6.73419E+11,190,$7.00 ,,Nektova,,,,,,
Nektova,"Lenovo IdeaPad 15.6"" FHD Laptop - AMD Ryzen 3 7320U - 4GB RAM- 128GB SSD - Win 11s - Blue",Lenovo,82VG00R2US,1.98155E+11,38,$199.00 ,,,,,,,,
Nektova,Logitech K950 Signature Slim Wireless Keyboard - Off White,Logitech,920-012429,97855192936,42,$39.00 ,,,,,,,,
Nektova,Logitech Lift Vertical Wireless Optical Ergonomic Mouse with 4 Customizable Buttons - Wireless - Graphite,Logitech,910-005448,5.09921E+12,"1,000+",$54.00 ,,Supplier Name,Brand,Product name,EAN,MPN,Supplier Cost,Supplier stock
Nektova,LyfTrack IR988 Non-Contact Digital Infrared Thermometer,LyfTrack,LyftrackIR988,5.29802E+12,659,$1.49 ,,,,,,,,
Nektova,Microsoft Xbox Series S 512GB  White,Microsoft,EP2-10050,1.96388E+11,51,$310.00 ,,,,,,,,
Nektova,Microsoft Xbox Series X 1TB - Digital Console - White,Microsoft,EP2-00692,1.96388E+11,144,$499.00 ,,,,,,,,
Nektova,Fantastic 4 [4K Ultra HD + Blu-ray + Digital HD],NA,35731038,2.45433E+12,73,$27.00 ,,,,,,,,
Nektova,Google Fi Sim Card,Nest,PC-NV-0029,8.42776E+11,10,$1.49 ,,,,,,,,
Nektova,Google Nest learning Thermostat 4th Gen + Nest Temperature Sensor Polished Silver - Pro Edition,Nest,GA05560-US,1.93575E+11,552,$169.00 ,,,,,,,,
Nektova,"Nest Learning Thermostat 3rd Generation, Stainless Steel",Nest,T3007ES/T3007EF,8.54448E+11,246,$127.00 ,,,,,,,,
Nektova,"Ninja AF150AMZ Air Fryer XL, 5.5 Qt. Capacity that can Air Fry, Air Roast, Bake, Reheat & Dehydrate, with Dishwasher Safe, Nonstick Basket & Crisper Plate and a Chef-Inspired Recipe Guide, Grey",Ninja,AF150AMZ,6.22357E+11,152,$99.00 ,,,,,,,,
Nektova,Super Mario RPG - Nintendo Switch  Game,Nintendo,6549054,45496599638,737,$30.99 ,,,,,,,,
Nektova,NUBWO U3 3.5mm Gaming Headset -  Over Ear Flexible Microphone Volume Control with Mic,NUBWO,ADIB07K2676W7,6.07995E+11,116,$9.99 ,,,,,,,,
Nektova,Ring Video Doorbell - Wired - Black,Ring,B08CKHPP52,8.40081E+11,810,$35.00 ,,,,,,,,
Nektova,Ring Video Doorbell Pro,Ring,88LP000CH000,7.85498E+11,51,$89.00 ,,,,,,,,
Nektova,Ring Wired Doorbell Plus (video Doorbell pro) - Satin Nickel,Ring,B08M125RNW,8.40081E+11,"1,000+",$65.00 ,,,,,,,,
Nektova,Roku Express 4K+ 2021,Roku,3941R,8.2961E+11,849,$25.99 ,,,,,,,,
Nektova,Roku Express 4K+ 2021,Roku,3941RW,8.2961E+11,219,$25.99 ,,,,,,,,
Nektova,"Roku Ultra 2022 4K/HDR/Dolby Vision Streaming Device and Roku Voice Remote Pro with Rechargeable Battery, Hands-Free Voice Controls, Lost Remote Finder, and Private Listening",Roku,4802R,8.2961E+11,13,$75.00 ,,,,,,,,
Nektova,SAMSUNG Galaxy A10e 32gb BLK,Samsung,6.10215E+11,6.10215E+11,14,$100.00 ,,,,,,,,
Nektova,Samsung Galaxy Tab S6 Lite 128GB - Oxford Gray- - Ca spec,Samsung,SM-P620NZAEXAC,8.87277E+11,237,$255.00 ,,,,,,,,
Nektova,Samsung Galaxy Tab S6 Lite 64GB - Chiffon Pink - Ca spec,Samsung,SM-P620NZIAXAC,8.87277E+11,501,$209.00 ,,,,,,,,
Nektova,Samsung Galaxy Tab S6 Lite 64GB - Mint -  Ca spec,Samsung,SM-P620NLGAXAC,8.87277E+11,907,$209.00 ,,,,,,,,
Nektova,Samsung Galaxy Tab S6 Lite 64GB - Oxford Gray - Ca spec,Samsung,SM-P620NZAAXAC,8.87277E+11,22,$209.00 ,,,,,,,,
Nektova,"Shark 4 Fan Air Purifier for Home, Office, and Bedroom with HEPA Filter, Covers Up To 1000 Sq Ft, Removes Odors, Dust, Allergens, and Pollutants, HE402",Shark,HE402,6.22357E+11,10,$179.00 ,,,,,,,,
Nektova,Sony Disc Drive For PS5 Digital Edition Consoles (model group – slim) - White,Sony,1000041051,7.1172E+11,"1,000+",$95.00 ,,,,,,,,
Nektova,Sony DualSense Wireless Controller – FORTNITE - Limited Edition,Sony,1000045230,7.1172E+11,"1,000+",$79.00 ,,,,,,,,
Nektova,Sony DualSense Wireless Controller – FORTNITE - Limited Edition,Sony,CFI-ZT1W,7.1172E+11,202,$79.00 ,,,,,,,,
Nektova,Sony PlayStation VR2 Sense controller charging station,Sony,CFI-ZSS1,7.1172E+11,171,$27.00 ,,,,,,,,
