Supplier Name,Brand,Product name,MPN,Supplier Cost,Supplier stock
Tier one,AMD,AMD Ryzen 5 5500 Box,100-100000457BOX,"$69,38",100+
Tier one,AMD,AMD Ryzen 5 5600 Box,100-100000927BOX,"$87,69",100+
Tier one,AMD,AMD Ryzen 5 5600G Box,100-100000252BOX,"$112,11",100+
Tier one,AMD,AMD Ryzen 5 5600G Tray per 12pcs only,100-000000252,"$108,23",16
Tier one,AMD,AMD Ryzen 5 5600GT Box,100-100001488BOX,"$108,78",38
Tier one,AMD,AMD Ryzen 5 5600X Tray per 12pcs only,100-000000065,"$82,14",100+
Tier one,AMD,AMD Ryzen 5 5600X Tray per 12pcs only,100-000000065,"$82,14",100+
Tier one,AMD,AMD Ryzen 5 7500F Tray,100-000000597,"$128,21",52
Tier one,AMD,AMD Ryzen 5 7600 Box,100-100001015BOX,"$162,06",4
Tier one,AMD,AMD Ryzen 5 7600 Tray,100-000001015,"$152,63",23
Tier one,AMD,AMD Ryzen 5 7600X Tray,100-000000593,"$168,72",53
Tier one,AMD,AMD Ryzen 5 7600X3D Tray,100-000001721,"$307,47",29
Tier one,AMD,AMD Ryzen 5 8400F Tray,100-000001591,"$81,03",14
Tier one,AMD,AMD Ryzen 5 9600 Tray,100-000000718,"$211,46",72
Tier one,AMD,AMD Ryzen 5 9600 Tray,100-000000718,"$211,46",72
Tier one,AMD,AMD Ryzen 7 5700G Box,100-100000263BOX,"$131,54",24
Tier one,AMD,AMD Ryzen 7 5700X no fan Box,100-100000926WOF,"$128,76",19-05-2025
Tier one,AMD,AMD Ryzen 7 5800X no fan Box,100-100000063WOF,"$139,31",100+
Tier one,AMD,AMD Ryzen 7 7700 Box,100-100000592BOX,"$243,65",60
Tier one,AMD,AMD Ryzen 7 7700X no fan Box,100-100000591WOF,"$253,08",26
Tier one,AMD,AMD Ryzen 7 7800X3D no fan Box,100-100000910WOF,"$375,18",100+
Tier one,AMD,AMD Ryzen 7 7800X3D no fan Box,100-100000910WOF,"$375,18",100+
Tier one,AMD,AMD Ryzen 7 9700X no fan Box,100-100001404WOF,"$281,39",30
Tier one,AMD,AMD Ryzen 7 9800X3D no fan Box,100-100001084WOF,"$477,30",100+
Tier one,AMD,AMD Ryzen 7 9800X3D Tray,100-000001084,"$444,00",100+
Tier one,AMD,AMD Ryzen 7 9800X3D Tray,100-000001084,"$444,00",100+
Tier one,AMD,AMD Ryzen 9 5900XT no fan Box,100-100001581WOF,"$261,41",13
Tier one,AMD,AMD Ryzen 9 5950X no fan Box,100-100000059WOF,"$281,94",100+
Tier one,AMD,AMD Ryzen 9 5950X no fan Box,100-100000059WOF,"$281,94",100+
Tier one,AMD,AMD Ryzen 9 7950X no fan Box,100-100000514WOF,"$421,80",13
Tier one,AMD,AMD Ryzen 9 9900X no fan Box,100-100000662WOF,"$385,17",18
Tier one,AMD,AMD Ryzen 9 9950X no fan Box,100-100001277WOF,"$530,58",15
Tier one,AMD,AMD Ryzen 9 9950X3D no fan Box,100-100000719WOF,"$759,24",15-05-2025
Tier one,AMD,AMD Ryzen 9 9950X3D Tray,100-100000719,"$681,54",14-05-2025
Tier one,AMD,AMD Ryzen 9 9950X3D Tray,100-100000719,"$681,54",14-05-2025
Tier one,ASRock,ASRock AM4 A520M-HDV uATX,90-MXBE50-A0UAYZ,"$47,51",22
Tier one,ASRock,ASRock AM4 B450M Pro4 R2.0 uATX,90-MXBEG0-A0UAYZ,"$57,50",41
Tier one,ASRock,ASRock AM4 B450M-HDV R4.0 uATX,90-MXB9N0-A0UAYZ,"$44,07",33
Tier one,ASRock,ASRock AM4 B550 Phantom Gaming 4,90-MXBCY0-A0UAYZ,"$83,81",20
Tier one,ASRock,ASRock AM4 B550 Pro4 ATX,90-MXBCZ0-A0UAYZ,"$87,14",40
Tier one,ASRock,ASRock AM5 B650 PG Lightning,90-MXBK20-A0UAYZ,"$138,20",37
Tier one,ASRock,ASRock AM5 B650 Pro RS,90-MXBL10-A0UAYZ,"$140,42",76
Tier one,ASRock,ASRock AM5 B650 Steel Legend Wifi,90-MXBN90-A0UAYZ,"$170,39",34
Tier one,ASRock,ASRock AM5 B650M Pro RS,90-MXBLP0-A0UAYZ,"$121,55",21
Tier one,ASRock,ASRock AM5 X870 Pro RS,90-MXBPZ0-A0UAYZ,"$193,70",6
Tier one,ASRock,ASRock AM5 X870 Pro RS Wifi,90-MXBQ00-A0UAYZ,"$203,69",29
Tier one,ASRock,ASRock AM5 X870 Steel Legend Wifi,90-MXBPJ0-A0UAYZ,"$232,55",100+
Tier one,ASRock,ASRock B550M Pro4 uATX,90-MXBDK0-A0UAYZ,"$84,92",9
Tier one,ASRock,ASRock B550M-HDV uATX,90-MXBDJ0-A0UAYZ,"$61,38",35
Tier one,ASRock,ASRock Intel Arc B570 Challenger OC 10GB,90-GA5KZZ-00UANF,"$240,32",94
Tier one,ASRock,ASRock Intel Arc B580 Challenger OC 12GB,90-GA5LZZ-00UANF,"$273,62",34
Tier one,ASRock,ASRock Intel Arc B580 Steel Legend OC 12GB,90-GA5CZZ-00UANF,"$291,38",100+
Tier one,ASRock,ASRock LGA 1700 B760 Pro RS ATX,90-MXBKS0-A0UAYZ,"$119,33",60
Tier one,ASRock,ASRock LGA 1700 H610M-HVS/M.2.0 uATX,90-MXBJJ0-A0UAYZ,"$54,17",23
Tier one,ASRock,ASRock LGA 1700 Z790 PG Lightning ATX,90-MXBKA0-A0UAYZ,"$154,85",20
Tier one,ASRock,ASRock LGA 1851 Z890 Pro RS ATX,90-MXBP10-A0UAYZ,"$193,70",7
Tier one,ASRock,ASRock LGA 1851 Z890 Riptide WIFI ATX,90-MXBPB0-A0UAYZ,"$237,54",9
Tier one,ASRock,ASRock LGA1700 H610M-HDV/M.2 R2.0 uATX,90-MXBJH0-A0UAYZ,"$54,17",20
Tier one,ASRock,ASRock LGA1851 B860 Pro RS Wifi,90-MXBRK0-A0UAYZ,"$126,54",16
Tier one,ASRock,ASRock LGA1851 H810M-X Wifi,90-MXBS60-A0AUYZ,"$82,70",20
Tier one,ASRock,ASRock power supply Challenger 550W Bronze,90-UXC055-BNEAAA,"$54,39",24
Tier one,ASRock,ASRock power supply Challenger 550W Bronze,90-UXC055-BNEAAA,"$54,39",24
Tier one,ASRock,ASRock power supply Challenger 650W Bronze,90-UXC065-BNEAAA,"$59,94",24
Tier one,ASRock,ASRock power supply Challenger 650W Gold,90-UXC065-GNEAAA,"$71,04",24
Tier one,ASRock,ASRock power supply Challenger 750W Bronze,90-UXC075-BNEAAA,"$69,93",17
Tier one,ASRock,ASRock power supply Challenger 750W Gold,90-UXC075-GNEAAA,"$82,14",23
Tier one,ASRock,ASRock power supply Challenger 850W Gold,90-UXC085-GNEAAA,"$91,02",22
Tier one,ASRock,ASRock Radeon RX 6600 Challenger D 8GB,90-GA2RZZ-00UANF,"$188,15",96
Tier one,ASRock,ASRock Radeon RX 9070XT TC 16GB,90-GAHZZ-00UANF,"$985,68",3
Tier one,ASRock,ASRock Z790 Pro RS ATX,90-MXBK40-A0UAYZ,"$165,95",29
Tier one,ASUS,ASUS AM5 TUF Gaming B650-PLUS,90MB1BY0-M0EAY0,"$154,85",7
Tier one,ASUS,ASUS GeForce RTX 5070 TUF Gaming OC 12GB,90YV0LZ0-M0NA00,"$688,20",4
Tier one,ASUS,ASUS NUC 12 Pro RNUC12WSHI300000I,90AR00E1-M00010,"$290,82",100+
Tier one,ASUS,ASUS NUC 12 Pro RNUC12WSHI300000I,90AR00E1-M00010,"$290,82",100+
Tier one,ASUS,ASUS NUC 12 Pro RNUC12WSHI300002I (EU Cord),90AR00E1-M00030,"$305,25",8
Tier one,ASUS,ASUS NUC 12 Pro RNUC12WSHI500000I,90AR00E1-M00060,"$376,29",100+
Tier one,ASUS,ASUS NUC 12 Pro RNUC12WSHI500000I,90AR00E1-M00060,"$376,29",100+
Tier one,ASUS,ASUS NUC 12 Pro RNUC12WSHI500002I (EU Cord),90AR00E1-M00080,"$407,37",3
Tier one,ASUS,ASUS NUC 12 Pro RNUC12WSHI700000I,90AR00E1-M000F0,"$439,56",6
Tier one,ASUS,ASUS NUC 12 Pro RNUC12WSHI700002I (EU Cord),90AR00E1-M000J0,"$442,89",80
Tier one,ASUS,ASUS NUC 12 Pro RNUC12WSKI300000I,90AR00D1-M00010,"$287,49",100+
Tier one,ASUS,ASUS NUC 12 Pro RNUC12WSKI700002I (EU Cord),90AR00D1-M00090,"$469,53",49
Tier one,ASUS,ASUS NUC 13 Pro RNUC13ANHI300000I,90AR00C1-M00010,"$296,37",49
Tier one,ASUS,ASUS NUC 13 Pro RNUC13ANHI300002I (EU Cord),90AR00C1-M00040,"$307,47",20
Tier one,ASUS,ASUS NUC 13 Pro RNUC13ANHI300002I (EU Cord),90AR00C1-M00040,"$307,47",20
Tier one,ASUS,ASUS NUC 13 Pro RNUC13ANHI500002I (EU Cord),90AR00C1-M000B0,"$406,26",10
Tier one,ASUS,ASUS NUC 13 Pro RNUC13ANHI700000I,90AR00C1-M000F0,"$502,83",21
Tier one,ASUS,ASUS NUC 13 Pro RNUC13ANHI700002I (EU Cord),90AR00C1-M000K0,"$505,05",26
Tier one,ASUS,ASUS NUC 13 Pro RNUC13ANKI300002I (EU Cord),90AR0031-M00040,"$295,26",44
Tier one,ASUS,ASUS NUC 13 Pro RNUC13ANKI500002I (EU Cord),90AR0031-M00090,"$410,70",33
Tier one,ASUS,ASUS NUC 13 Pro RNUC13ANKI700000I,90AR0031-M000B0,"$507,27",20
Tier one,ASUS,ASUS NUC 13 Pro RNUC13ANKI700002I (EU Cord),90AR0031-M000E0,"$510,60",26
Tier one,ASUS,ASUS NUC 14 Essential RNUC14MNK2500002 (EU Cord),90AR00M2-M00030,"$178,71",22
Tier one,ASUS,ASUS NUC 14 Pro RNUC14RVHI300002I (EU Cord),90AR0072-M00040,"$313,02",33
Tier one,ASUS,ASUS NUC 14 Pro RNUC14RVHU500002I (EU Cord),90AR0072-M000P0,"$416,81",17
Tier one,ASUS,ASUS NUC 14 Pro RNUC14RVHU500002I (EU Cord),90AR0072-M000P0,"$416,81",17
Tier one,ASUS,ASUS NUC 14 Pro RNUC14RVHU700002I (EU Cord),90AR0072-M001P0,"$551,67",19
Tier one,ASUS,ASUS NUC 14 Pro RNUC14RVKI300002I (EU Cord),90AR0062-M00040,"$309,14",4
Tier one,ASUS,ASUS NUC 14 Pro RNUC14RVKU500002I (EU Cord),90AR0062-M00090,"$421,80",15
Tier one,ASUS,ASUS NUC 14 Pro RNUC14RVKU700000I,90AR0062-M000B0,"$549,45",15
Tier one,ASUS,ASUS NUC 14 Pro RNUC14RVKU700002I (EU Cord),90AR0062-M000E0,"$551,67",10
Tier one,ASUS,ASUS NUC 14 Pro RNUC14RVKU700002I (EU Cord),90AR0062-M000E0,"$551,67",10
Tier one,ASUS,ASUS NUC 14 Pro+ RNUC14RVSU700002I (EU Cord),90AR0051-M000A0,"$656,01",10
Tier one,ASUS,ASUS NUC 14 Pro+ RNUC14RVSU900002I (EU Cord),90AR0051-M000J0,"$715,95",6
Tier one,ASUS,ASUS Prime B550-PLUS,90MB14U0-M0EAY0,"$93,80",10
Tier one,ASUS,ASUS Prime B650M-A WIFI II,90MB1EG0-M0EAY0,"$132,09",20
Tier one,ASUS,ASUS Prime B660 Plus D4 ATX,90MB18X0-M1EAY0,"$104,90",2
Tier one,ASUS,ASUS Prime B760M-K D4,90MB1DS0-M1EAY0,"$80,48",25
Tier one,ASUS,ASUS Prime H510M-E R.20,90MB1FQ0-M0EAY0,"$62,16",44
Tier one,ASUS,ASUS Prime H510M-K R2.0,90MB1E80-M0EAY0,"$56,61",33
Tier one,ASUS,ASUS Prime H610M-K D4,90MB1A10-M0EAY0,"$71,60",17
Tier one,ASUS,ASUS PRIME Z790-P WIFI,90MB1CJ0-M1EAY0,"$185,37",7
Tier one,ASUS,ASUS Prime Z890M-PLUS WIFI,90MB1J80-M0EAY0,"$198,14",5
Tier one,ASUS,ASUS ProArt X870E Creator WIFI,90MB1IG0-M0EAY0,"$441,78",30-05-2025
Tier one,ASUS,ASUS ROG STRIX B650-A GAMING WIFI,90MB1BP0-M0EAY0,"$183,15",46
Tier one,ASUS,ASUS ROG STRIX B650-A GAMING WIFI,90MB1BP0-M0EAY0,"$183,15",46
Tier one,ASUS,ASUS ROG Strix X870-F Gaming WIFI,90MB1IV0-M0EAY0,"$364,08",30-05-2025
Tier one,ASUS,ASUS ROG Strix X870-I Gaming WIFI,90MB1IW0-M0EAY0,"$396,27",30-05-2025
Tier one,ASUS,ASUS ROG Strix Z890-F Gaming WIFI,90MB1I40-M0EAY0,"$392,94",7
Tier one,ASUS,ASUS TUF GAMING B550-PLUS WIFI II,90MB19U0-M0EAY0,"$112,67",38
Tier one,ASUS,ASUS TUF GAMING B550M-PLUS WIFI II,90MB19Y0-M0EAY0,"$118,77",47
Tier one,ASUS,ASUS TUF GAMING B650-PLUS WIFI,90MB1BZ0-M0EAY0,"$158,73",30-05-2025
Tier one,ASUS,ASUS TUF Gaming X870-PLUS WIFI,90MB1IU0-M0EAY0,"$288,05",25
Tier one,ASUS,ASUS TUF Gaming Z790-PLUS WIFI,90MB1D80-M0EAY0,"$275,28",30-05-2025
Tier one,ASUS,ASUS TUF GAMING Z790-PRO WIFI,90MB1FJ0-M0EAY0,"$219,78",28
Tier one,ASUS,Asus TUF Gaming Z890-PLUS WIFI,90MB1IQ0-M0EAY0,"$269,18",6
Tier one,Crucial,Crucial DDR4-3200 16GB,CT16G4DFRA32A,"$23,70",100+
Tier one,Crucial,Crucial DDR4-3200 32GB,CT32G4DFD832A,"$46,07",10
Tier one,Crucial,Crucial DDR4-3200 32GB Kit (2x 16GB),CT2K16G4DFRA32A,"$49,67",2
Tier one,Crucial,Crucial DDR4-3200 8GB,CT8G4DFRA32A,"$13,15",56
Tier one,Crucial,Crucial DDR5-4800 16GB,CT16G48C40U5,"$31,91",2
Tier one,Crucial,Crucial DDR5-4800 32GB,CT32G48C40U5,"$65,77",11
Tier one,Crucial,Crucial DDR5-5200 8GB,CT8G52C42U5,"$18,87",4
Tier one,Crucial,Crucial DDR5-5600 16GB,CT16G56C46U5,"$33,86",9
Tier one,Crucial,Crucial DDR5-5600 32GB,CT32G56C46U5,"$66,32",100
Tier one,Crucial,Crucial DDR5-5600 32GB,CT32G56C46U5,"$66,32",100
Tier one,Crucial,Crucial DDR5-5600 32GB Kit (2x 16GB),CT2K16G56C46U5,"$67,16",29
Tier one,Crucial,Crucial DDR5-5600 64GB Kit (2x 32GB),CT2K32G56C46U5,"$131,81",28
Tier one,Crucial,Crucial SO-DIMM DDR4-3200 16GB,CT16G4SFRA32A,"$23,87",16-05-2025
Tier one,Crucial,Crucial SO-DIMM DDR4-3200 16GB Kit (2x 8GB),CT2K8G4SFRA32A,"$26,09",16-05-2025
Tier one,Crucial,Crucial SO-DIMM DDR4-3200 32GB,CT32G4SFD832A,"$45,79",100+
Tier one,Crucial,Crucial SO-DIMM DDR4-3200 32GB Kit (2x 16GB),CT2K16G4SFRA32A,"$46,62",16-05-2025
Tier one,Crucial,Crucial SO-DIMM DDR4-3200 8GB,CT8G4SFRA32A,"$13,26",100+
Tier one,Crucial,Crucial SO-DIMM DDR5-4800 16GB,CT16G48C40S5,"$32,47",100+
Tier one,Crucial,Crucial SO-DIMM DDR5-4800 16GB Kit (2x 8GB),CT2K8G48C40S5,"$35,52",16
Tier one,Crucial,Crucial SO-DIMM DDR5-4800 32GB,CT32G48C40S5,"$64,10",90
Tier one,Crucial,Crucial SO-DIMM DDR5-4800 8GB,CT8G48C40S5,"$18,87",100+
Tier one,Crucial,Crucial SO-DIMM DDR5-5600 16GB,CT16G56C46S5,"$32,91",100+
Tier one,Crucial,Crucial SO-DIMM DDR5-5600 16GB,CT16G56C46S5,"$32,91",100+
Tier one,Crucial,Crucial SO-DIMM DDR5-5600 32GB,CT32G56C46S5,"$67,43",21
Tier one,Crucial,Crucial SO-DIMM DDR5-5600 48GB,CT48G56C46S5,"$86,30",12
Tier one,Crucial,Crucial SO-DIMM DDR5-5600 8GB,CT8G56C46S5,"$18,98",16-05-2025
Tier one,Crucial,Crucial SSD BX500 1TB Sata-3,CT1000BX500SSD1,"$50,23",100+
Tier one,Crucial,Crucial SSD BX500 240GB Sata-3,CT240BX500SSD1,"$15,54",100+
Tier one,Crucial,Crucial SSD BX500 2TB Sata-3,CT2000BX500SSD1,"$99,07",100+
Tier one,Crucial,Crucial SSD BX500 500GB Sata-3,CT500BX500SSD1,"$26,09",16-05-2025
Tier one,Crucial,Crucial SSD E100 480GB PCie 4.0 NVMe M.2 2280,CT480E100SSD8,"$28,42",84
Tier one,Crucial,Crucial SSD P3 1TB NVMe,CT1000P3SSD8,"$51,34",100+
Tier one,Crucial,Crucial SSD P3 Plus 1TB NVMe,CT1000P3PSSD8,"$52,17",100+
Tier one,Crucial,Crucial SSD P3 Plus 2TB NVMe,CT2000P3PSSD8,"$102,40",8
Tier one,Crucial,Crucial SSD P3 Plus 4TB NVMe,CT4000P3PSSD8,"$207,02",100+
Tier one,Crucial,Crucial SSD P3 Plus 4TB NVMe,CT4000P3PSSD8,"$207,02",100+
Tier one,Crucial,Crucial SSD P3 Plus 500GB NVMe,CT500P3PSSD8,"$35,24",42
Tier one,Crucial,Crucial SSD P310 1TB PCie 4.0 NVMe,CT1000P310SSD8,"$57,17",17
Tier one,Crucial,Crucial SSD P310 1TB PCie 4.0 NVMe w/Heatsink,CT1000P310SSD5,"$67,71",16-05-2025
Tier one,Crucial,Crucial SSD P310 2TB PCie 4.0 NVMe,CT2000P310SSD8,"$112,67",98
Tier one,Crucial,Crucial SSD P310 2TB PCie 4.0 NVMe M.2 2230,CT2000P310SSD2,"$137,64",28
Tier one,Crucial,Crucial SSD P310 500GB PCie 4.0 NVMe,CT500P310SSD8,"$36,35",16-05-2025
Tier one,Crucial,Crucial SSD Port. X10 Pro 1TB Black,CT1000X10PROSSD9,"$106,56",16
Tier one,Crucial,Crucial SSD Port. X10 Pro 2TB Black,CT2000X10PROSSD9,"$157,62",2
Tier one,Crucial,Crucial SSD Port. X6 1TB Black,CT1000X6SSD9,"$73,26",16
Tier one,Crucial,Crucial SSD Port. X6 2TB Black,CT2000X6SSD9,"$109,89",36
Tier one,Crucial,Crucial SSD Port. X9 Pro 1TB Silver,CT1000X9PROSSD9,"$93,24",7
Tier one,Crucial,Crucial SSD Port. X9 Pro 2TB Silver,CT2000X9PROSSD9,"$142,08",2
Tier one,Crucial,Crucial SSD Port. X9 Pro 4TB Silver,CT4000X9PROSSD9,"$257,52",2
Tier one,Crucial,Crucial SSD T500 1TB PCie 4.0 NVMe,CT1000T500SSD8,"$74,37",100+
Tier one,Crucial,Crucial SSD T500 1TB PCie 4.0 NVMe w/Heatsink,CT1000T500SSD5,"$82,14",42
Tier one,Crucial,Crucial SSD T500 2TB PCie 4.0 NVMe w/Heatsink,CT2000T500SSD5,"$139,86",32
Tier one,Crucial,Crucial SSD T500 4TB PCie 4.0 NVMe,CT4000T500SSD3,"$256,41",45
Tier one,Crucial,Crucial SSD T500 4TB PCie 4.0 NVMe w/Heatsink,CT4000T500SSD5,"$279,72",6
Tier one,Crucial,Crucial SSD T500 500GB PCie 4.0 NVMe,CT500T500SSD8,"$60,50",100+
Tier one,Crucial,Crucial SSD T700 1TB PCie 5.0 NVMe,CT1000T700SSD3,"$132,09",7
Tier one,Crucial,Crucial SSD T700 1TB PCie 5.0 NVMe w/Heatsink,CT1000T700SSD5,"$141,53",10
Tier one,Crucial,Crucial SSD T700 2TB PCie 5.0 NVMe,CT2000T700SSD3,"$199,25",16-05-2025
Tier one,Crucial,Crucial SSD T700 4TB PCie 5.0 NVMe,CT4000T700SSD3,"$407,37",38
Tier one,Crucial,Crucial SSD T700 4TB PCie 5.0 NVMe w/Heatsink,CT4000T700SSD5,"$424,02",7
Tier one,Crucial,Crucial SSD T705 1TB PCie 5.0 NVMe,CT1000T705SSD3,"$144,30",28
Tier one,Crucial,Crucial SSD T705 1TB PCie 5.0 NVMe w/Heatsink,CT1000T705SSD5,"$145,97",5
Tier one,Crucial,Crucial SSD T705 2TB PCie 5.0 NVMe w/Heatsink,CT2000T705SSD5,"$214,23",25
Tier one,Crucial,Crucial SSD T705 4TB PCie 5.0 NVMe,CT4000T705SSD3,"$461,76",19
Tier one,Gigabyte,GigaByte GeForce RTX 3060 WindForce V2 OC 12 GB,GV-N3060WF2OC-12GD G20,"$251,97",100+
Tier one,Gigabyte,GigaByte GeForce RTX 3060 WindForce V2 OC 8GB,GV-N3060GAMING OC-8GD 2.0,"$237,54",8
Tier one,Gigabyte,Gigabyte GeForce RTX 5070 Aero OC 12GB,GV-N5070AERO OC-12GD,"$724,83",2
Tier one,Gigabyte,Gigabyte GeForce RTX 5070 Eagle OC SFF 12G,GV-N5070EAGLE OC-12GD,"$627,15",7
Tier one,Gigabyte,Gigabyte GeForce RTX 5070 Gaming 2x OC 12GB,GV-N5070GAMING OC-12GD,"$631,59",23
Tier one,Gigabyte,Gigabyte GeForce RTX 5070 Windforce SFF OC 12GB,GV-N5070WF3OC-12GD,"$594,96",8
Tier one,Gigabyte,Gigabyte GeForce RTX 5080 Aero SFF OC 16GB,GVN5080AEROOC16GD,"$1252,08",5
Tier one,Gigabyte,Gigabyte GeForce RTX 5080 Aorus Master 16GB,GV-N5080AORUS M-16GD,"$1370,85",1
Tier one,Gigabyte,Gigabyte GeForce RTX 5080 Gaming OC 16GB,GV-N5080GAMING OC-16GD,"$1229,88",2
Tier one,Google Nest,Google Nest Audio - Carbon,GA01586-ES,"$62,44",14
Tier one,Google Nest,Google Nest Audio - Chalk,GA01420-ES,"$62,44",16
Tier one,Google Nest,Google Nest Hub 2 Gen. Smart Display â€“ Chalk,GA01331-IT,"$59,94",7
Tier one,Hitachi,Hitachi LG DVD/RW GP57EB40 Black Retail,GP57EB40.AHLE10B,"$22,64",100+
Tier one,Hitachi,Hitachi LG DVD/RW GP57ES40 Silver Retail,GP57ES40.AHLE10B,"$22,76",100+
Tier one,Hitachi,Hitachi LG DVD/RW GP60NB60 Black Retail,GP60NB60.AUAE12B,"$22,76",100+
Tier one,Hitachi,Hitachi LG DVD/RW GP60NS60 Silver Retail,GP60NS60.AUAE12S,"$22,76",100+
Tier one,Intel,Intel Celeron G5905 3.5GHz 4MB 1200 Tray,CM8070104292115,"$31,64",100+
Tier one,Intel,Intel Core i3 10100 3.6GHZ 6MB 1200 Box,BX8070110100,"$84,92",100+
Tier one,Intel,Intel Core i3 10105 3.7GHz 6MB 1200 Box,BX8070110105,"$76,59",100+
Tier one,Intel,Intel Core i3 10105 3.7GHz 6MB 1200 Tray,CM8070104291321,"$74,93",19-05-2025
Tier one,Intel,Intel Core i3 12100 3.3GHz 12MB 1700 Box,BX8071512100,"$98,79",100+
Tier one,Intel,Intel Core i3 12100 3.3GHz 12MB 1700 Tray,CM8071504651012,"$84,92",70
Tier one,Intel,Intel Core i3 12100F 3.3GHz 12MB 1700 Box,BX8071512100F,"$62,16",100+
Tier one,Intel,Intel Core i3 12100F 3.3GHz 12MB 1700 Tray,CM8071504651013,"$45,18",41
Tier one,Intel,Intel Core i3 13100 3.4GHz 12MB 1700 Box,BX8071513100,"$104,90",100+
Tier one,Intel,Intel Core i3 13100 3.4GHz 12MB 1700 Tray,CM8071505092202,"$89,36",51
Tier one,Intel,Intel Core i3 13100F 3.4GHz 12MB 1700 Box,BX8071513100F,"$72,15",50
Tier one,Intel,Intel Core i3 13100F 3.4GHz 12MB 1700 Tray,CM8071505092203,"$51,62",46
Tier one,Intel,Intel Core i3 14100 4.7GHz 12MB 1700 Box,BX8071514100,"$104,90",100+
Tier one,Intel,Intel Core i3 14100 4.7GHz 12MB 1700 Tray,CM8071505092206,"$94,35",3
Tier one,Intel,Intel Core i3 14100F 4.7GHz 12MB 1700 Box,BX8071514100F,"$73,26",100+
Tier one,Intel,Intel Core i3 14100F 4.7GHz 12MB 1700 Tray,CM8071505092207,"$65,49",22
Tier one,Intel,Intel Core i5 10400 2.9GHz 12MB 1200 Box,BX8070110400,"$99,90",100+
Tier one,Intel,Intel Core i5 10400 2.9GHz 12MB 1200 Tray,CM8070104290715,"$95,46",61
Tier one,Intel,Intel Core i5 10400F 2.9GHz 12MB 1200 Box,BX8070110400F,"$81,59",100+
Tier one,Intel,Intel Core i5 10400F 2.9GHz 12MB 1200 Tray,CM8070104290716,"$70,49",22
Tier one,Intel,Intel Core i5 11400 2.6GHz 12MB 1200 Box,BX8070811400,"$113,22",100+
Tier one,Intel,Intel Core i5 11400 2.6GHz 12MB 1200 Tray,CM8070804497015,"$99,35",100+
Tier one,Intel,Intel Core i5 12400 2.5GHz 18MB 1700 Box,BX8071512400,"$128,21",100+
Tier one,Intel,Intel Core i5 12400 2.5GHz 18MB 1700 Tray,CM8071504650608,"$114,89",100+
Tier one,Intel,Intel Core i5 12400F 2.5GHz 18MB 1700 Box,BX8071512400F,"$96,02",100+
Tier one,Intel,Intel Core i5 12400F 2.5GHz 18MB 1700 Tray,CM8071504555318,"$87,14",29
Tier one,Intel,Intel Core i5 12500 3.0GHz 18MB 1700 Tray,CM8071504647605,"$158,73",14
Tier one,Intel,Intel Core i5 12600KF 3.7GHz 20MB 1700 no fan Box,BX8071512600KF,"$147,63",52
Tier one,Intel,Intel Core i5 12600KF 3.7GHz 20MB 1700 Tray,CM8071504555228,"$130,98",28
Tier one,Intel,Intel Core i5 13400 2.5GHz 20MB 1700 Box,BX8071513400,"$145,97",100+
Tier one,Intel,Intel Core i5 13400 2.5GHz 20MB 1700 Tray,CM8071505093004,"$120,44",62
Tier one,Intel,Intel Core i5 13400F 2.5GHz 20MB 1700 Box,BX8071513400F,"$108,78",100+
Tier one,Intel,Intel Core i5 13400F 2.5GHz 20MB 1700 Tray,CM8071505093005,"$96,02",88
Tier one,Intel,Intel Core i5 13500 2.5GHz 24MB 1700 Box,BX8071513500,"$189,81",13
Tier one,Intel,Intel Core i5 13600K 3.5GHz 24MB 1700 no fan Box,BX8071513600K,"$217,56",100+
Tier one,Intel,Intel Core i5 13600K 3.5GHz 24MB 1700 Tray,CM8071504821005,"$186,48",32
Tier one,Intel,Intel Core i5 13600KF 3.5GHz 24MB 1700 Tray,CM8071504821006,"$163,73",16
Tier one,Intel,Intel Core i5 14400 4.7GHz 20MB 1700 Box,BX8071514400,"$145,41",100+
Tier one,Intel,Intel Core i5 14400 4.7GHz 20MB 1700 Tray,CM8071504821112,"$126,54",6
Tier one,Intel,Intel Core i5 14400F 4.7GHz 20MB 1700 Box,BX8071514400F,"$118,77",16-05-2025
Tier one,Intel,Intel Core i5 14400F 4.7GHz 20MB 1700 Tray,CM8071504821113,"$104,90",16-05-2025
Tier one,Intel,Intel Core i5 14500 5.0GHz 24MB 1700 Box,BX8071514500,"$222,00",38
Tier one,Intel,Intel Core i5 14500 5.0GHz 24MB 1700 Tray,CM8071505093104,"$200,91",22
Tier one,Intel,Intel Core i5 14600K 3.5GHz 24MB 1700 no fan Box,BX8071514600K,"$198,69",100
Tier one,Intel,Intel Core i5 14600K 3.5GHz 24MB 1700 Tray,CM8071504821015,"$189,81",43
Tier one,Intel,Intel Core i5 14600KF 3.5GHz 24MB 1700 no fan Box,BX8071514600KF,"$194,25",39
Tier one,Intel,Intel Core i5 14600KF 3.5GHz 24MB 1700 Tray,CM8071504821014,"$159,84",24
Tier one,Intel,Intel Core i5 9400 2.9GHz 9MB 1151 Box,BX80684I59400,"$140,97",19-05-2025
Tier one,Intel,Intel Core i7 10700K 3.8GHz 16MB 1200 no fan Box,BX8070110700K,"$270,84",19-05-2025
Tier one,Intel,Intel Core i7 10700K 3.8GHz 16MB 1200 no fan Box,BX8070110700K,"$270,84",19-05-2025
Tier one,Intel,Intel Core i7 11700K 3.6GHz 16MB 1200 no fan Box,BX8070811700K,"$270,84",19-05-2025
Tier one,Intel,Intel Core i7 12700 2.1GHz 25MB 1700 Box,BX8071512700,"$239,76",100+
Tier one,Intel,Intel Core i7 12700 2.1GHz 25MB 1700 Tray,CM8071504555019,"$225,33",84
Tier one,Intel,Intel Core i7 12700F 2.1GHz 25MB 1700 Box,BX8071512700F,"$217,56",100+
Tier one,Intel,Intel Core i7 12700F 2.1GHz 25MB 1700 Tray,CM8071504555020,"$192,03",34
Tier one,Intel,Intel Core i7 12700KF 3.6GHz 25MB 1700 no fan Box,BX8071512700KF,"$197,58",100+
Tier one,Intel,Intel Core i7 12700KF 3.6GHz 25MB 1700 Tray,CM8071504553829,"$194,25",85
Tier one,Intel,Intel Core i7 13700 2.1GHz 30MB 1700 Box,BX8071513700,"$293,04",67
Tier one,Intel,Intel Core i7 13700 2.1GHz 30MB 1700 Tray,CM8071504820805,"$278,61",41
Tier one,Intel,Intel Core i7 13700F 2.1GHz 30MB 1700 Box,BX8071513700F,"$288,60",12
Tier one,Intel,Intel Core i7 13700F 2.1GHz 30MB 1700 Tray,CM8071504820806,"$222,00",41
Tier one,Intel,Intel Core i7 13700K 3.4GHz 30MB 1700 no fan Box,BX8071513700K,"$330,78",100+
Tier one,Intel,Intel Core i7 13700K 3.4GHz 30MB 1700 Tray,CM8071504820705,"$311,91",14
Tier one,Intel,Intel Core i7 14700 5.4GHz 33MB 1700 Box,BX8071514700,"$300,81",70
Tier one,Intel,Intel Core i7 14700 5.4GHz 33MB 1700 Tray,CM8071504820817,"$293,04",16-05-2025
Tier one,Intel,Intel Core i7 14700F 5.4GHz 33MB 1700 Box,BX8071514700F,"$277,50",100+
Tier one,Intel,Intel Core i7 14700F 5.4GHz 33MB 1700 Tray,CM8071504820816,"$264,18",8
Tier one,Intel,Intel Core i7 14700K 3.4 GHz 33MB 1700 no fan Box,BX8071514700K,"$313,02",91
Tier one,Intel,Intel Core i7 14700K 3.4GHz 33MB 1700 Tray,CM8071504820721,"$310,80",82
Tier one,Intel,Intel Core i7 14700KF 3.4GHz 33MB 1700 no fan Box,BX8071514700KF,"$297,48",100+
Tier one,Intel,Intel Core i7 14700KF 3.4GHz 33MB 1700 Tray,CM8071504820722,"$278,61",16-05-2025
Tier one,Intel,Intel Core i9 12900K 3.2GHz 30MB 1700 no fan Box,BX8071512900K,"$309,69",100+
Tier one,Intel,Intel Core i9 12900KF 3.2GHz 30MB 1700 no fan Box,BX8071512900KF,"$276,39",100+
Tier one,Intel,Intel Core i9 13900K 3.0GHz 36MB 1700 no fan Box,BX8071513900K,"$453,99",100+
Tier one,Intel,Intel Core i9 13900K 3.0GHz 36MB 1700 Tray,CM8071505094011,"$421,80",20
Tier one,Intel,Intel Core i9 13900KF 3.0GHz 36MB 1700 no fan Box,BX8071513900KF,"$420,69",58
Tier one,Intel,Intel Core i9 13900KF 3.0GHz 36MB 1700 Tray,CM8071505094012,"$372,96",2
Tier one,Intel,Intel Core i9 13900KS 6.0GHz 36MB 1700 no fan Box,BX8071513900KS,"$552,78",20
Tier one,Intel,Intel Core i9 14900K 3.2GHz 36MB 1700 no fan Box,BX8071514900K,"$421,80",100+
Tier one,Intel,Intel Core i9 14900K 3.2GHz 36MB 1700 Tray,CM8071505094017,"$407,37",5
Tier one,Intel,Intel Core i9 14900KF 3.2GHz 36MB 1700 no fan Box,BX8071514900KF,"$400,71",100+
Tier one,Intel,Intel Core i9 14900KF 3.2GHz 36MB 1700 Tray,CM8071505094018,"$381,84",16
Tier one,Intel,Intel Core i9 14900KS 3.2GHz 36MB 1700 no fan Box,BX8071514900KS,"$637,14",44
Tier one,Intel,Intel Core Ultra 5 225 3.3GHz 20MB Box,BX80768225,"$230,88",40
Tier one,Intel,Intel Core Ultra 5 225F 3.3GHz 20MB Box,BX80768225F,"$209,79",26
Tier one,Intel,Intel Core Ultra 5 225F 3.3GHz 20MB Tray,AT8076805EF0,"$198,69",19-05-2025
Tier one,Intel,Intel Core Ultra 5 235 3.4GHz 24MB Box,BX80768235,"$237,54",19-05-2025
Tier one,Intel,Intel Core Ultra 5 245K 5.2GHz 24MB 1851 no fan Box,BX80768245K,"$275,28",91
Tier one,Intel,Intel Core Ultra 5 245K 5.2GHz 24MB 1851 Tray,AT807680640F,"$259,74",3
Tier one,Intel,Intel Core Ultra 5 245KF 5.2GHz 24MB 1851 no fan Box,BX80768245KF,"$253,08",57
Tier one,Intel,Intel Core Ultra 5 245KF 5.2GHz 24MB 1851 Tray,AT8076806414,"$243,09",15
Tier one,Intel,Intel Core Ultra 7 265 5.3GHz 30MB 1851 Box,BX80768265,"$320,79",18
Tier one,Intel,Intel Core Ultra 7 265 5.3GHz 30MB 1851 Tray,AT8076806413,"$306,36",12
Tier one,Intel,Intel Core Ultra 7 265F 5.3GHz 30MB 1851 Box,BX80768265F,"$300,81",21
Tier one,Intel,Intel Core Ultra 7 265F 5.3GHz 30MB 1851 Tray,AT8076806411,"$286,38",19-05-2025
Tier one,Intel,Intel Core Ultra 7 265K 5.5GHz 30MB 1851 no fan Box,BX80768265K,"$299,70",68
Tier one,Intel,Intel Core Ultra 7 265K 5.5GHz 30MB 1851 Tray,AT8076806412,"$284,16",33
Tier one,Intel,Intel Core Ultra 7 265KF 5.5GHz 30MB 1851 no fan Box,BX80768265KF,"$275,28",100+
Tier one,Intel,Intel Core Ultra 7 265KF 5.5GHz 30MB 1851 Tray,AT8076806410,"$267,51",19-05-2025
Tier one,Intel,Intel Core Ultra 9 285 5.6GHz 36MB 1851 Box,BX80768285,"$526,14",37
Tier one,Intel,Intel Core Ultra 9 285 5.6GHz 36MB 1851 Tray,AT8076806418,"$497,28",19-05-2025
Tier one,Intel,Intel Core Ultra 9 285K 5.7GHz 36MB 1851 no fan Box,BX80768285K,"$545,01",81
Tier one,Intel,Intel Core Ultra 9 285K 5.7GHz 36MB 1851 Tray,AT8076806419,"$528,36",27
Tier one,Intel,Intel Laminar RM1 Cooler Bulk Pack,,"$10,66",100+
Tier one,Intel,Intel NUC 11 Performance RNUC11PAHi30Z00,RNUC11PAHi30Z00,"$221,94",67
Tier one,Intel,Intel NUC 11 Performance RNUC11PAHi30Z00,RNUC11PAHi30Z00,"$221,94",67
Tier one,Intel,Intel Pentium G6400 4.0GHz 4MB 1200 Tray,CM8070104291810,"$51,62",100+
Tier one,Intel,Intel Pentium G6405 4.1GHz 4MB 1200 Tray,CM8070104291811,"$57,17",100+
Tier one,Intel,Intel Pentium G7400 3.7GHz 6MB 1700 Box,BX80715G7400,"$87,14",30
Tier one,Intel,Intel Pentium G7400 3.7GHz 6MB 1700 Tray,CM8071504651605,"$60,50",92
Tier one,Intel,Intel Processor 300 3.9GHz 6MB 1700 Box,BX80715300,"$90,47",29
Tier one,Kingston,Kingston Canvas Go Plus 64GB Micro-SDXC+ ADAP,SDCG3/64GB,"$7,33",5
Tier one,Kingston,Kingston Canvas Select Plus 128GB Micro-SDHC+ ADAP,SDCS2/128GB,"$8,21",34
Tier one,Kingston,Kingston Canvas Select Plus 128GB SDXC,SDS2/128GB,"$8,94",2
Tier one,Kingston,Kingston Canvas Select Plus 256GB Micro-SDHC+ ADAP,SDCS2/256GB,"$16,48",39
Tier one,Kingston,Kingston Canvas Select Plus 256GB SDXC,SDS2/256GB,"$16,43",10
Tier one,Kingston,Kingston Canvas Select Plus 32GB Micro-SDHC+ ADAP,SDCS2/32GB,"$3,83",100+
Tier one,Kingston,Kingston Canvas Select Plus 512GB Micro-SDHC+ ADAP,SDCS2/512GB,"$34,97",20
Tier one,Kingston,Kingston Canvas Select Plus 512GB SDXC,SDS2/512GB,"$33,80",8
Tier one,Kingston,Kingston Canvas Select Plus 64GB Micro-SDHC+ ADAP,SDCS2/64GB,"$4,43",100+
Tier one,Kingston,Kingston Canvas Select Plus 64GB SDXC,SDS2/64GB,"$5,05",5
Tier one,Kingston,Kingston DataTraveler 70 128GB USB-C,DT70/128GB,"$5,55",14
Tier one,Kingston,Kingston DataTraveler 70 256GB USB-C,DT70/256GB,"$12,32",37
Tier one,Kingston,Kingston DataTraveler 70 64GB USB-C,DT70/64GB,"$3,55",52
Tier one,Kingston,Kingston DataTraveler 80M 64GB USB-C,DT80M/64GB,"$5,44",5
Tier one,Kingston,Kingston DataTraveler Exodia 128GB,DTX/128GB,"$5,49",100+
Tier one,Kingston,Kingston DataTraveler Exodia 256GB,DTX/256GB,"$13,43",3
Tier one,Kingston,Kingston DataTraveler Exodia 64GB,DTX/64GB,"$3,39",100+
Tier one,Kingston,Kingston DataTraveler Exodia M 128GB,DTXM/128GB,"$5,55",16
Tier one,Kingston,Kingston DataTraveler Exodia M 256GB,DTXM/256GB,"$12,27",34
Tier one,Kingston,Kingston DataTraveler Exodia M 64GB,DTXM/64GB,"$3,55",38
Tier one,Kingston,Kingston DataTraveler Exodia Onyx 128GB,DTXON/128GB,"$5,66",5
Tier one,Kingston,Kingston DataTraveler Exodia Onyx 256GB,DTXON/256GB,"$13,43",6
Tier one,Kingston,Kingston DataTraveler Exodia Onyx 64GB,DTXON/64GB,"$3,55",2
Tier one,Kingston,Kingston DataTraveler Kyson 128GB,DTKN/128GB,"$9,05",5
Tier one,Kingston,Kingston DataTraveler Kyson 256GB,DTKN/256GB,"$15,98",7
Tier one,Kingston,Kingston DataTraveler Kyson 64GB,DTKN/64GB,"$5,99",14
Tier one,Kingston,Kingston DataTraveler Max 1TB USB-A,DTMAXA/1TB,"$72,37",10
Tier one,Kingston,Kingston DataTraveler Max 256GB USB-A,DTMAXA/256GB,"$25,14",6
Tier one,Kingston,Kingston DataTraveler Max 512GB USB-A,DTMAXA/512GB,"$42,35",4
Tier one,Kingston,Kingston DataTraveler Max 512GB USB-C,DTMAX/512GB,"$43,57",20
Tier one,Kingston,Kingston DataTraveler SE9 G3 128GB,DTSE9G3/128GB,"$9,88",12
Tier one,Kingston,Kingston DataTraveler SE9 G3 256GB,DTSE9G3/256GB,"$16,32",4
Tier one,Kingston,Kingston DataTraveler SE9 G3 512GB,DTSE9G3/512GB,"$25,92",7
Tier one,Kingston,Kingston DataTraveler SE9 G3 64GB,DTSE9G3/64GB,"$6,44",5
Tier one,Kingston,Kingston DT MicroDUO 3C 128GB dual USB-A +USB-C,DTDUO3CG3/128GB,"$11,77",12
Tier one,Kingston,Kingston DT MicroDUO 3C 64GB dual USB-A +USB-C,DTDUO3CG3/64GB,"$7,66",43
Tier one,Kingston,Kingston external SSD Ironkey 3840GB Touch,IKVP80ES/3840G,"$610,50",5
Tier one,Kingston,Kingston external SSD Ironkey Touch 1920GB,IKVP80ES/1920G,"$283,05",8
Tier one,Kingston,Kingston external SSD Ironkey Touch 960GB,IKVP80ES/960G,"$238,65",1
Tier one,Kingston,Kingston external SSD XS1000 2TB,SXS1000/2000G,"$105,45",100+
Tier one,Kingston,Kingston external SSD XS2000 1TB,SXS2000/1000G,"$79,92",17
Tier one,Kingston,Kingston external SSD XS2000 2TB,SXS2000/2000G,"$128,76",25
Tier one,Kingston,Kingston external SSD XS2000 500GB,SXS2000/500G,"$55,50",6
Tier one,Kingston,Kingston SSD A400 240Gb,SA400S37/240G,"$21,81",100+
Tier one,Kingston,Kingston SSD NV3 1TB M.2 NVMe Gen 4 .0,SNV3S/1000G,"$52,73",1
Tier one,Kingston,Kingston SSD NV3 2TB M.2 NVMe Gen 4 .0,SNV3S/2000G,"$100,18",100+
Tier one,Kingston,Kingston SSD NV3 500GB M.2 NVMe Gen 4.0,SNV3S/500G,"$35,63",100+
Tier one,Logitech,Logitech Headset H110 Stereo,981-000271,"$6,44",99
Tier one,Logitech,Logitech Webcam Brio 300 Pink,960-001448,"$48,84",3
Tier one,Logitech,Logitech Webcam Brio 300 White,960-001442,"$48,84",3
Tier one,Logitech,Logitech Webcam Brio 505 Black,960-001459,"$77,92",21
Tier one,Logitech,Logitech Webcam C270,960-001063,"$14,15",100+
Tier one,Logitech,Logitech Webcam C270,960-001063,"$14,15",100+
Tier one,Logitech,Logitech Webcam C920E,960-001360,"$46,18",46
Tier one,Logitech,Logitech Webcam C925E,960-001076,"$48,62",50
Tier one,Logitech,Logitech Webcam C930E,960-000972,"$59,61",50
Tier one,Logitech,Logitech Webcam MX Brio Ultra HD 4K Graphite,960-001559,"$159,62",40
Tier one,Logitech,Logitech Webcam Streamcam Graphite,960-001281,"$79,70",2
Tier one,Microsoft,MS Office 2024 Home and Business ENG,EP2-06631,"$188,15",88
Tier one,Microsoft,MS Office 2024 Home and Business ENG,EP2-06631,"$188,15",88
Tier one,Microsoft,MS Office 2024 Home and Business FR,EP2-06658,"$201,47",47
Tier one,Microsoft,MS Office 2024 Home and Business NL,EP2-06653,"$201,47",33
Tier one,Microsoft,MS Windows 11 Pro 64-Bit 1PK DE,FQC-10534,"$129,87",26-05-2025
Tier one,Microsoft,MS Windows 11 Pro 64-Bit 1PK ENG,FQC-10528,"$128,76",100+
Tier one,Microsoft,MS Windows 11 Pro 64-Bit 1PK ENG,FQC-10528,"$128,76",100+
Tier one,Microsoft,MS Windows 11 Pro 64-Bit 1PK FR,FQC-10532,"$129,87",95
Tier one,Microsoft,MS Windows 11 Pro 64-Bit 1PK NL,FQC-10527,"$129,87",48
Tier one,MSI,MSI GeForce RTX 5070 Gaming Trio OC 12GB,912-V532-029,"$677,10",18
Tier one,MSI,MSI GeForce RTX 5070 Gaming Trio OC 12GB,912-V532-029,"$677,10",18
Tier one,MSI,MSI GeForce RTX 5070 Inspire 3x OC 12GB,,"$697,08",12-06-2025
Tier one,MSI,MSI GeForce RTX 5070 Shadow 3x OC 12GB,912-V532-002,"$671,55",30
Tier one,MSI,MSI GeForce RTX 5070 Ti Inspire 3x OC Plus 16GB,912-V521-081,"$879,12",29
Tier one,MSI,MSI GeForce RTX 5070 Ti Inspire 3x OC Plus 16GB,912-V521-081,"$879,12",29
Tier one,MSI,MSI GeForce RTX 5070 Ti Ventus 3x OC 16GB,,"$896,88",12-06-2025
Tier one,MSI,MSI GeForce RTX 5080 Gaming Trio OC 16GB,,"$1753,80",16-05-2025
Tier one,MSI,MSI GeForce RTX 5080 Ventus 3x OC 16GB,912-V531-297,"$1328,67",2
Tier one,MSI,MSI GeForce RTX 5090 Gaming Trio OC 32GB,,"$0,00",16-05-2025
Tier one,MSI,MSI GeForce RTX 5090 Ventus 3x OC 32GB,912-V530-061,"$2852,70",16-05-2025
Tier one,,Power Cable EU C13,AC06C13EU,"$5,00",78
Tier one,,Power Cable EU C5,AC06C05EU,"$5,00",100+
Tier one,Samsung,Samsung EVO Plus microSD (2021) 256GB,MB-MC256KA/EU,"$20,87",29
Tier one,Samsung,Samsung EVO Plus microSD (2021) 512GB,MB-MC512KA/EU,"$37,46",50
Tier one,Samsung,Samsung EVO Plus microSD (2024) 128GB,MB-MC128SA/EU,"$9,88",100+
Tier one,Samsung,Samsung EVO Plus microSD (2024) 128GB,MB-MC128SA/EU,"$9,88",100+
Tier one,Samsung,Samsung EVO Plus microSD (2024) 1TB,MB-MC1T0SA/EU,"$72,43",28
Tier one,Samsung,Samsung EVO Plus microSD (2024) 256GB,MB-MC256SA/EU,"$18,43",100+
Tier one,Samsung,Samsung EVO Plus microSD (2024) 512GB,MB-MC512SA/EU,"$33,86",99
Tier one,Samsung,Samsung EVO Plus microSD (2024) 64GB,MB-MC64SA/EU,"$7,16",100+
Tier one,Samsung,Samsung PRO Plus microSDXC (2023) 128GB,MB-MD128SA/EU,"$13,15",16
Tier one,Samsung,Samsung PRO Plus microSDXC (2023) 1TB,MB-MD1T0SA/EU,"$79,09",23
Tier one,Samsung,Samsung PRO Plus microSDXC (2023) 256GB,MB-MD256SA/EU,"$21,03",100+
Tier one,Samsung,Samsung PRO Plus microSDXC (2023) 256GB,MB-MD256SA/EU,"$21,03",100+
Tier one,Samsung,Samsung Server SSD PM1643a 1.92TB OEM,MZILT1T9HBJR-00007,"$421,80",32
Tier one,Samsung,Samsung Server SSD PM1643a 3.84TB OEM,MZILT3T8HBLS-00007,"$765,90",62
Tier one,Samsung,Samsung Server SSD PM893 1.92TB 2.5 OEM,MZ7L31T9HBLT-00A07,"$268,62",15-05-2025
Tier one,Samsung,Samsung Server SSD PM893 3.84TB 2.5 OEM,MZ7L33T8HBLT-00A07,"$424,02",43
Tier one,Samsung,Samsung Server SSD PM893 7.68TB 2.5 OEM,MZ7L37T6HBLA-00A07,"$761,46",12
Tier one,Samsung,Samsung Server SSD PM893 960GB 2.5 OEM,MZ7L3960HCJR-00A07,"$150,96",13
Tier one,Samsung,Samsung Server SSD PM897 1.92TB 2.5 OEM,MZ7L31T9HBNA-00A07,"$381,84",6
Tier one,Samsung,Samsung Server SSD PM897 3.84TB 2.5 OEM,MZ7L33T8HBNA-00A07,"$621,60",3
Tier one,Samsung,Samsung Server SSD PM897 960GB 2.5 OEM,MZ7L3960HBLT-00A07,"$254,19",16
Tier one,Samsung,Samsung Server SSD PM9A3 1.92TB 2.5 OEM,MZQL21T9HCJR-00A07,"$270,84",22-05-2025
Tier one,Samsung,Samsung Server SSD PM9A3 3.84TB 2.5 OEM,MZQL23T8HCLS-00A07,"$430,68",15
Tier one,Samsung,Samsung Server SSD PM9A3 7.68TB 2.5 OEM,MZQL27T6HBLA-00A07,"$763,68",40
Tier one,Samsung,Samsung SSD 870 EVO 1TB Sata-3,MZ-77E1T0B/EU,"$84,36",100+
Tier one,Samsung,Samsung SSD 870 EVO 250GB Sata-3,MZ-77E250B/EU,"$41,24",100+
Tier one,Samsung,Samsung SSD 870 EVO 2TB Sata-3,MZ-77E2T0B/EU,"$139,03",100+
Tier one,Samsung,Samsung SSD 870 EVO 4TB Sata-3,MZ-77E4T0B/EU,"$254,19",87
Tier one,Samsung,Samsung SSD 870 EVO 500GB Sata-3,MZ-77E500B/EU,"$51,62",100+
Tier one,Samsung,Samsung SSD 870 QVO 1TB Sata-3,MZ-77Q1T0BW,"$76,04",43
Tier one,Samsung,Samsung SSD 870 QVO 2TB Sata-3,MZ-77Q2T0BW,"$135,98",100+
Tier one,Samsung,Samsung SSD 870 QVO 8TB Sata-3,MZ-77Q8T0BW,"$510,60",56
Tier one,Samsung,Samsung SSD 9100 PRO 1TB,MZ-VAP1T0BW,"$153,18",70
Tier one,Samsung,Samsung SSD 9100 PRO 2TB,MZ-VAP2T0BW,"$229,22",69
Tier one,Samsung,Samsung SSD 9100 PRO 4TB,MZ-VAP4T0BW,"$426,24",5
Tier one,Samsung,Samsung SSD 980 1TB M.2 NVMe,MZ-V8V1T0BW,"$76,59",100+
Tier one,Samsung,Samsung SSD 980 500GB M.2 NVMe,MZ-V8V500BW,"$47,73",100+
Tier one,Samsung,Samsung SSD 990 EVO Plus 1TB M.2 NVMe,MZ-V9S1T0BW,"$71,60",24
Tier one,Samsung,Samsung SSD 990 EVO Plus 2TB M.2 NVMe,MZ-V9S2T0BW,"$113,78",100+
Tier one,Samsung,Samsung SSD 990 EVO Plus 4TB M.2 NVMe,MZ-V9S4T0BW,"$229,77",100+
Tier one,Samsung,Samsung SSD 990 Pro 1Tb M.2 NVMe,MZ-V9P1T0BW,"$89,36",100+
Tier one,Samsung,Samsung SSD 990 Pro 1Tb M.2 NVMe,MZ-V9P1T0BW,"$89,36",100+
Tier one,Samsung,Samsung SSD 990 Pro 1TB M.2 NVMe w/Heatsink,MZ-V9P1T0CW,"$108,23",48
Tier one,Samsung,Samsung SSD 990 Pro 2Tb M.2 NVMe,MZ-V9P2T0BW,"$143,19",100+
Tier one,Samsung,Samsung SSD 990 Pro 4TB M.2 NVMe,MZ-V9P4T0BW,"$263,63",100+
Tier one,Samsung,Samsung SSD 990 Pro 4TB M.2 NVMe w/Heatsink,MZ-V9P4T0CW,"$304,14",96
Tier one,Samsung,Samsung SSD PM9A1 TLC 2TB PCIe M.2 NVMe,MZVL22T0HBLB-00B00,"$173,16",22-05-2025
Tier one,Samsung,Samsung SSD Portable T7 1TB Blue Retail,MU-PC1T0H/WW,"$82,70",100+
Tier one,Samsung,Samsung SSD Portable T7 1TB Gray Retail,MU-PC1T0T/WW,"$82,14",100+
Tier one,Samsung,Samsung SSD Portable T7 2TB Blue Retail,MU-PC2T0H/WW,"$128,76",100+
Tier one,Samsung,Samsung SSD Portable T7 2TB Gray Retail,MU-PC2T0T/WW,"$128,76",100+
Tier one,Samsung,Samsung SSD Portable T7 4TB Gray Retail,MU-PC4T0T/WW,"$250,86",81
Tier one,Samsung,Samsung SSD Portable T7 Shield 1TB Beige Retail,MU-PE1T0K/EU,"$96,57",74
Tier one,Samsung,Samsung SSD Portable T7 Shield 1TB Black Retail,MU-PE1T0S/EU,"$94,35",100+
Tier one,Samsung,Samsung SSD Portable T7 Shield 1TB Blue Retail,MU-PE1T0R/EU,"$95,46",23-05-2025
Tier one,Samsung,Samsung SSD Portable T7 Shield 2TB Beige Retail,MU-PE2T0K/EU,"$154,29",73
Tier one,Samsung,Samsung SSD Portable T7 Shield 2TB Black Retail,MU-PE2T0S/EU,"$153,18",100+
Tier one,Samsung,Samsung SSD Portable T7 Shield 2TB Blue Retail,MU-PE2T0R/EU,"$158,73",19
Tier one,Samsung,Samsung SSD Portable T7 Shield 4TB Black Retail,MU-PE4T0S/EU,"$271,95",100+
Tier one,Samsung,Samsung SSD T5 Evo MU-PH2T0S 2TB,MU-PH2T0S/EU,"$102,12",100+
Tier one,Samsung,Samsung SSD T5 Evo MU-PH4T0S 4TB (N),MU-PH4T0S/WW,"$185,37",1
Tier one,Samsung,Samsung SSD T5 Evo MU-PH8T0S 8TB,MU-PH8T0S/EU,"$444,00",80
Tier one,Samsung,Samsung SSD T9 MU-PG1T0B 1TB,MU-PG1T0B/EU,"$106,56",100+
Tier one,Samsung,Samsung SSD T9 MU-PG2T0B 2TB,MU-PG2T0B/EU,"$184,26",100+
Tier one,Samsung,Samsung SSD T9 MU-PG4T0B 4TB,MU-PG4T0B/EU,"$303,03",67
Tier one,SanDisk,SanDisk Extreme microSD 128GB + SD-adapt.,SDSQXAA-128G-GN6MA,"$11,88",20
Tier one,SanDisk,SanDisk Extreme microSD 32GB + SD-adapt.,SDSQXAF-032G-GN6MA,"$6,55",53
Tier one,SanDisk,SanDisk Extreme microSD 512GB + SD-adapt.,SDSQXAV-512G-GN6MA,"$43,57",10
Tier one,SanDisk,SanDisk Extreme microSD 64GB + SD-adapt.,SDSQXAH-064G-GN6MA,"$7,33",90
Tier one,SanDisk,SanDisk Extreme Portable 1TB,SDSSDE61-1T00-G25,"$90,47",100+
Tier one,SanDisk,SanDisk Extreme Portable 2TB,SDSSDE61-2T00-G25,"$133,20",54
Tier one,SanDisk,SanDisk Extreme Portable 4TB,SDSSDE61-4T00-G25,"$249,75",100+
Tier one,SanDisk,SanDisk Extreme Portable 500GB,SDSSDE61-500G-G25,"$74,37",29
Tier one,SanDisk,SanDisk Extreme Portable 8TB,SDSSDE61-8T00-G25,"$510,60",12
Tier one,SanDisk,SanDisk Extreme Pro microSD 128GB + SD-adapt.,SDSQXCD-128G-GN6MA,"$14,71",49
Tier one,SanDisk,SanDisk Extreme Pro microSD 1TB + SD-adapt.,SDSQXCD-1T00-GN6MA,"$102,12",4
Tier one,SanDisk,SanDisk Extreme Pro microSD 256GB + SD-adapt.,SDSQXCD-256G-GN6MA,"$25,09",40
Tier one,SanDisk,SanDisk Extreme Pro microSD 32GB + SD-adapt.,SDSQXCG-032G-GN6MA,"$7,77",25
Tier one,SanDisk,SanDisk Extreme Pro microSD 512GB + SD-adapt.,SDSQXCD-512G-GN6MA,"$50,23",10
Tier one,SanDisk,SanDisk Extreme Pro microSD 64GB + SD-adapt.,SDSQXCU-064G-GN6MA,"$8,38",20
Tier one,SanDisk,SanDisk Extreme PRO Portable 1TB,SDSSDE81-1T00-G25,"$116,55",16-05-2025
Tier one,SanDisk,SanDisk Extreme PRO Portable 2TB,SDSSDE81-2T00-G25,"$185,37",100+
Tier one,SanDisk,SanDisk Extreme PRO Portable 4TB,SDSSDE81-4T00-G25,"$296,37",96
Tier one,SanDisk,SanDisk Portable 1TB,SDSSDE30-1T00-G26,"$69,38",30
Tier one,SanDisk,SanDisk Portable 2TB,SDSSDE30-2T00-G26,"$104,62",100+
Tier one,SanDisk,SanDisk Ultra 128GB USB 3.0 flashdrive,SDCZ48-128G-U46,"$8,99",100
Tier one,SanDisk,SanDisk Ultra 256GB USB 3.0 flashdrive,SDCZ48-256G-U46,"$16,54",30
Tier one,SanDisk,SanDisk Ultra 32GB USB 3.0 flashdrive,SDCZ48-032G-U46,"$4,54",100+
Tier one,SanDisk,SanDisk Ultra 512GB USB 3.0 flashdrive,SDCZ48-512G-G46,"$33,86",3
Tier one,SanDisk,SanDisk Ultra 64GB USB 3.0 flashdrive,SDCZ48-064G-U46,"$5,33",100
Tier one,SanDisk,SanDisk Ultra microSD 128GB + SD-adapt.,SDSQUAB-128G-GN6MA,"$9,49",77
Tier one,SanDisk,SanDisk Ultra microSD 1TB + SD-adapt.,SDSQUAC-1T00-GN6MA,"$75,76",25
Tier one,SanDisk,SanDisk Ultra microSD 256GB + SD-adapt.,SDSQUAC-256G-GN6MA,"$16,26",51
Tier one,SanDisk,SanDisk Ultra microSD 512GB + SD-adapt.,SDSQUAC-512G-GN6MA,"$31,08",64
Tier one,SanDisk,SanDisk Ultra microSD 512GB + SD-adapt.,SDSQUAC-512G-GN6MA,"$31,08",64
Tier one,SanDisk,SanDisk Ultra microSD 64GB + SD-adapt.,SDSQUAB-064G-GN6MA,"$5,61",100+
Tier one,Seagate,Seagate 2.5 BarraCuda 2TB (N),ST2000LM015,"$66,27",100+
Tier one,Seagate,Seagate 2.5 Basic 1TB,STJL1000400,"$45,73",12
Tier one,Seagate,Seagate 2.5 Basic 2TB,STJL2000400,"$60,61",100+
Tier one,Seagate,Seagate 2.5 Basic 4TB,STJL4000400,"$91,24",100+
Tier one,Seagate,Seagate 2.5 Basic 5TB,STJL5000400,"$106,01",100+
Tier one,Seagate,Seagate 2.5 Expansion Portable 1TB,STKM1000400,"$45,73",100+
Tier one,Seagate,Seagate 2.5 Expansion Portable 2TB,STKM2000400,"$60,83",100+
Tier one,Seagate,Seagate 2.5 Expansion Portable 4TB,STKM4000400,"$91,02",100+
Tier one,Seagate,Seagate 2.5 Expansion Portable 4TB,STKM4000400,"$91,02",100+
Tier one,Seagate,Seagate 2.5 Expansion Portable 5TB,STKM5000400,"$108,23",100+
Tier one,Seagate,Seagate 3.5 Expansion Desktop 10TB,STKP10000400,"$180,93",67
Tier one,Seagate,Seagate 3.5 Expansion Desktop 12TB,STKP12000400,"$229,77",14
Tier one,Seagate,Seagate 3.5 Expansion Desktop 14TB,STKP14000400,"$229,77",100+
Tier one,Seagate,Seagate 3.5 Expansion Desktop 16TB,STKP16000400,"$251,97",59
Tier one,Seagate,Seagate 3.5 Expansion Desktop 22TB,STKP22000400,"$335,22",15
Tier one,Seagate,Seagate 3.5 Expansion Desktop 24TB,STKP24000400,"$357,42",13
Tier one,Seagate,Seagate 3.5 Expansion Desktop 4TB,STKP4000400,"$94,13",85
Tier one,Seagate,Seagate 3.5 Expansion Desktop 6TB,STKP6000400,"$109,89",100+
Tier one,Seagate,Seagate 3.5 Expansion Desktop 6TB,STKP6000400,"$109,89",100+
Tier one,Seagate,Seagate 3.5 Expansion Desktop 8TB,STKP8000400,"$135,42",98
Tier one,Seagate,Seagate BarraCuda 16TB SATA-3 (N),ST16000DM001,"$226,44",23-05-2025
Tier one,Seagate,Seagate BarraCuda 20TB SATA-3 (N),ST20000DM001,"$264,18",23-05-2025
Tier one,Seagate,Seagate BarraCuda 24TB SATA-3 (N),ST24000DM001,"$287,49",23-05-2025
Tier one,Seagate,Seagate BarraCuda 4TB SATA-3 (N),ST4000DM004,"$73,82",23-05-2025
Tier one,Seagate,Seagate BarraCuda 8TB SATA-3 (N),ST8000DM004,"$121,88",100+
Tier one,Seagate,Seagate Exos 7E10 10TB NAS (N),ST10000NM017B,"$195,92",10
Tier one,Seagate,Seagate Exos X18 14TB NAS SATA-3 (N),ST14000NM000J,"$245,31",1
Tier one,Seagate,Seagate Exos X18 16TB NAS (N),ST16000NM000J,"$256,41",31-05-2025
Tier one,Seagate,Seagate Exos X18 18TB NAS (N),ST18000NM000J,"$313,02",14
Tier one,Seagate,Seagate Exos X20 20Tb NAS (N),ST20000NM007D,"$337,44",40
Tier one,Seagate,Seagate IronWolf 12TB NAS SATA-3 (N),ST12000VN0008,"$234,77",100+
Tier one,Seagate,Seagate IronWolf 4TB NAS SATA-3 (N),ST4000VN006,"$97,13",100+
Tier one,Seagate,Seagate IronWolf 8TB NAS SATA-3 (N),ST8000VN004,"$165,39",100+
Tier one,Seagate,Seagate Ironwolf Pro 12TB NAS SATA-3 (N),ST12000NT001,"$251,97",100+
Tier one,Seagate,Seagate IronWolf Pro 20TB NAS SATA-3 (N),ST20000NT001,"$370,74",59
Tier one,Seagate,Seagate IronWolf Pro 24TB NAS Sata 3 (N),ST24000NT002,"$476,19",13
Tier one,Seagate,Seagate IronWolf Pro 4TB NAS SATA-3 (N),ST4000NT001,"$115,44",1
Tier one,Seagate,Seagate IronWolf Pro 8TB NAS SATA-3 (N),ST8000NT001,"$182,60",20
Tier one,Seagate,Seagate One Touch Hub 10TB,STLC10000400,"$192,03",25
Tier one,Seagate,Seagate One Touch Hub 14TB,STLC14000400,"$259,74",16
Tier one,Seagate,Seagate One Touch Hub 16TB,STLC16000400,"$289,71",14
Tier one,Seagate,Seagate One Touch Hub 20TB,STLC20000400,"$335,22",28
Tier one,Seagate,Seagate One Touch Hub 6TB,STLC6000400,"$124,32",10
Tier one,Seagate,Seagate Skyhawk 10TB AI SATA-3 (N),ST10000VE001,"$219,23",76
Tier one,Seagate,Seagate Skyhawk 20TB AI SATA-3 (N),ST20000VE003,"$0,00",23-05-2025
Tier one,Seagate,Seagate Skyhawk 4TB Surveillance SATA-3,ST4000VX016,"$79,70",95
Tier one,Seagate,Seagate Skyhawk 6TB Surveillance SATA-3 (N),ST6000VX009,"$120,44",1
Tier one,Seagate,Seagate Skyhawk 8TB Surveillance SATA-3 (N),ST8000VX010,"$160,40",74
Tier one,Toshiba,Toshiba 2.5 Canvio Basics 1TB Black,HDTB510EK3AA,"$45,84",100+
Tier one,Toshiba,Toshiba 2.5 Canvio Basics 2TB Black,HDTB520EK3AA,"$60,83",100+
Tier one,Toshiba,Toshiba 2.5 Canvio Basics 4TB Black,HDTB540EK3CA,"$93,80",100+
Tier one,Toshiba,Toshiba MG09 Series 18TB SATA MG09ACA18TE,MG09ACA18TE,"$285,27",3
Tier one,Toshiba,Toshiba MG10 Series 22TB SATA MG10AFA22TE,MG10AFA22TE,"$341,88",10
Tier one,Toshiba,Toshiba P300 2TB SATA-3,HDWD320UZSVA,"$0,00",1
Tier one,Transcend,Transcend SSD MTE115S 2TB M.2 NMVe,TS2TMTE115S,"$94,35",1
Tier one,Transcend,Transcend SSD MTE115S 500GB M.2 NMVe,TS500GMTE115S,"$32,75",100+
Tier one,Transcend,Transcend SSD MTE115S 500GB M.2 NMVe,TS500GMTE115S,"$32,75",100+
Tier one,WD,WD 2.5 Elements Portable 1TB USB3.0,WDBUZG0010BBK-WESN,"$50,17",100+
Tier one,WD,WD 2.5 Elements Portable 2TB USB3.0,WDBU6Y0020BBK-WESN,"$61,27",100+
Tier one,WD,WD 2.5 Elements Portable 4TB USB3.0,WDBU6Y0040BBK-WESN,"$97,24",100+
Tier one,WD,WD 2.5 Elements Portable 5TB USB3.0,WDBU6Y0050BBK-WESN,"$108,45",100+
Tier one,WD,WD 2.5 Elements Portable 6TB USB3.0,WDBHJS0060BBK-WESN,"$136,20",46
Tier one,WD,WD 2.5 My Passport 1TB Black,WDBYVG0010BBK-WESN,"$52,73",19-05-2025
Tier one,WD,WD 2.5 My Passport 2TB Black,WDBYVG0020BBK-WESN,"$64,16",19-05-2025
Tier one,WD,WD 2.5 My Passport 2TB Blue,WDBYVG0020BBL-WESN,"$64,16",19-05-2025
Tier one,WD,WD 2.5 My Passport 2TB Red,WDBYVG0020BRD-WESN,"$64,16",19-05-2025
Tier one,WD,WD 2.5 My Passport 4TB Black,WDBPKJ0040BBK-WESN,"$99,35",22
Tier one,WD,WD 2.5 My Passport 4TB Blue,WDBPKJ0040BBL-WESN,"$99,35",19-05-2025
Tier one,WD,WD 2.5 My Passport 4TB Red,WDBPKJ0040BRD-WESN,"$99,35",16
Tier one,WD,WD 2.5 My Passport 5TB Black,WDBPKJ0050BBK-WESN,"$113,22",70
Tier one,WD,WD 2.5 My Passport 6TB Black,WDBR9S0060BBK-WESN,"$144,63",9
Tier one,WD,WD 2.5 My Passport 6TB Blue,WDBR9S0060BBL-WESN,"$144,63",2
Tier one,WD,WD 2.5 My Passport 6TB Red,WDBR9S0060BRD-WESN,"$144,63",2
Tier one,WD,WD Black 4TB 7200RPM SATA-3 256MB Gaming,WD4006FZBX,"$197,58",16
Tier one,WD,WD Blue 500GB 7200RPM SATA-3 32MB,WD5000AZLX,"$47,18",20
Tier one,WD,WD Blue 6TB 5400RPM SATA-3 256MB,WD60EZAX,"$143,19",8
Tier one,WD,WD Elements 10TB Ext HDD USB3.0,WDBWLG0100HBK-EESN,"$204,80",19-05-2025
Tier one,WD,WD Elements 12TB Ext HDD USB3.0,WDBWLG0120HBK-EESN,"$233,66",19-05-2025
Tier one,WD,WD Elements 16TB Ext HDD USB3.0,WDBWLG0160HBK-EESN,"$294,15",19-05-2025
Tier one,WD,WD Elements 18TB Ext HDD USB3.0,WDBWLG0180HBK-EESN,"$323,57",19-05-2025
Tier one,WD,WD Elements 20TB Ext HDD USB3.0,WDBWLG0200HBK-EESN,"$358,53",19-05-2025
Tier one,WD,WD Elements 22TB Ext HDD USB3.0,WDBWLG0220HBK-EESN,"$402,93",19-05-2025
Tier one,WD,WD Elements 6TB Ext HDD USB3.0,WDBWLG0060HBK-EESN,"$133,20",19-05-2025
Tier one,WD,WD Elements 8TB Ext HDD USB3.0,WDBWLG0080HBK-EESN,"$160,06",19-05-2025
Tier one,WD,WD My Book 12TB USB 3.0,WDBBGB0120HBK-EESN,"$239,21",19-05-2025
Tier one,WD,WD My Book 14TB USB 3.0,WDBBGB0140HBK-EESN,"$267,51",19-05-2025
Tier one,WD,WD My Book 6TB USB 3.0,WDBBGB0060HBK-EESN,"$144,30",19-05-2025
Tier one,WD,WD My Book 8TB USB 3.0,WDBBGB0080HBK-EESN,"$166,83",19-05-2025
Tier one,WD,WD Purple 1TB 5400RPM SATA-3 64MB Surveillance,WD11PURZ,"$51,62",1
Tier one,WD,WD Purple 8TB 5400RPM SATA-3 256MB Surveillance,WD85PURZ,"$162,06",91
Tier one,WD,WD Purple 8TB 5400RPM SATA-3 256MB Surveillance,WD85PURZ,"$162,06",91
Tier one,WD,WD Red Pro 10TB 7200RPM SATA-3 512MB NAS,WD103KFBX,"$255,86",5
Tier one,WD,WD Red Pro 12TB 7200RPM SATA-3 512MB NAS,WD122KFBX,"$300,81",17
Tier one,WD,WD Red Pro 14TB 7200RPM SATA-3 512MB NAS,WD142KFGX,"$339,66",18
Tier one,WD,WD SSD Black SN770 1TB M.2 NVMe,WDS100T3X0E,"$60,77",15-05-2025
Tier one,WD,WD SSD Black SN770 2TB M.2 NVMe,WDS200T3X0E,"$105,73",35
Tier one,WD,WD SSD Black SN850X 1TB NVMe Heatsink,WDS100T2XHE,"$93,52",29
Tier one,WD,WD SSD Black SN850X 2TB NVMe,WDS200T2X0E,"$132,37",8
Tier one,WD,WD SSD Black SN850X 4TB NVMe,WDS400T2X0E,"$254,19",38
Tier one,WD,WD SSD Blue SA510 1TB M.2 Sata,WDS100T3B0B,"$60,50",27
Tier one,WD,WD SSD Blue SA510 2TB Sata-3,WDS200T3B0A,"$111,28",76
Tier one,WD,WD SSD Blue SA510 4TB Sata-3,WDS400T3B0A,"$214,79",4
Tier one,WD,WD SSD Blue SA510 4TB Sata-3,WDS400T3B0A,"$214,79",4
Tier one,WD,WD SSD Blue SN5000 1TB M.2 NVMe Gen 4.0,WDS100T4B0E,"$56,61",64
Tier one,WD,WD SSD Blue SN5000 2TB M.2 NVMe Gen 4.0,WDS200T4B0E,"$102,40",1
Tier one,WD,WD SSD Blue SN5000 4TB M.2 NVMe Gen 4.0,WDS400T4B0E,"$216,45",19
Tier one,WD,WD SSD Blue SN5000 4TB M.2 NVMe Gen 4.0,WDS400T4B0E,"$216,45",19
Tier one,WD,WD SSD Blue SN580 2TB M.2 NVMe,WDS200T3B0E,"$98,51",27
Tier one,WD,WD SSD Red SA500 1TB M.2,WDS100T1R0B,"$75,48",21
Tier one,WD,WD SSD Red SA500 1TB Sata-3,WDS100T1R0A,"$75,48",1
Tier one,WD,WD SSD Red SA500 500GB M.2,WDS500G1R0B,"$51,34",18
Tier one,WD,WD SSD Red SA500 500GB Sata-3,WDS500G1R0A,"$50,23",4
Tier one,WD,WD SSD Red SN700 1TB M.2 NVMe,WDS100T1R0C,"$77,98",9
Tier one,,,,,
Tier one,,,,,
Tier one,,,,,
Tier one,,,,,
Tier one,,,,,
Tier one,,,,,
Tier one,,,,,
Tier one,,,,,
Tier one,,,,,
Tier one,,,,,
Tier one,,,,,
Tier one,,,,,
Tier one,,,,,
Tier one,,,,,
Tier one,,,,,
Tier one,,,,,
Tier one,,,,,
Tier one,,,,,
Tier one,,,,,
Tier one,,,,,
Tier one,,,,,
Tier one,,,,,
Tier one,,,,,
Tier one,,,,,
Tier one,,,,,
Tier one,,,,,
Tier one,,,,,
Tier one,,,,,
Tier one,,,,,
Tier one,,,,,
Tier one,,,,,
Tier one,,,,,
Tier one,,,,,
Tier one,,,,,
Tier one,,,,,
Tier one,,,,,
Tier one,,,,,
Tier one,,,,,
Tier one,,,,,
Tier one,,,,,
Tier one,,,,,
Tier one,,,,,
Tier one,,,,,
Tier one,,,,,
Tier one,,,,,
Tier one,,,,,
Tier one,,,,,
Tier one,,,,,
Tier one,,,,,
Tier one,,,,,
Tier one,,,,,
Tier one,,,,,
Tier one,,,,,
Tier one,,,,,
Tier one,,,,,
Tier one,,,,,
Tier one,,,,,
Tier one,,,,,
Tier one,,,,,
Tier one,,,,,
Tier one,,,,,
Tier one,,,,,
Tier one,,,,,
Tier one,,,,,
Tier one,,,,,
Tier one,,,,,
Tier one,,,,,
Tier one,,,,,
Tier one,,,,,
Tier one,,,,,
Tier one,,,,,
Tier one,,,,,
Tier one,,,,,
Tier one,,,,,
Tier one,,,,,
Tier one,,,,,
Tier one,,,,,
Tier one,,,,,
Tier one,,,,,
Tier one,,,,,
Tier one,,,,,
Tier one,,,,,
Tier one,,,,,
Tier one,,,,,
Tier one,,,,,
Tier one,,,,,
Tier one,,,,,
Tier one,,,,,
Tier one,,,,,
Tier one,,,,,
Tier one,,,,,
Tier one,,,,,
Tier one,,,,,
Tier one,,,,,
Tier one,,,,,
Tier one,,,,,
Tier one,,,,,
Tier one,,,,,
Tier one,,,,,
Tier one,,,,,
Tier one,,,,,
Tier one,,,,,
Tier one,,,,,
Tier one,,,,,
Tier one,,,,,
Tier one,,,,,
Tier one,,,,,
Tier one,,,,,
Tier one,,,,,
Tier one,,,,,
Tier one,,,,,
Tier one,,,,,
Tier one,,,,,
Tier one,,,,,
Tier one,,,,,
Tier one,,,,,
Tier one,,,,,
Tier one,,,,,
Tier one,,,,,
Tier one,,,,,
Tier one,,,,,
Tier one,,,,,
Tier one,,,,,
Tier one,,,,,
Tier one,,,,,
Tier one,,,,,
Tier one,,,,,
Tier one,,,,,
Tier one,,,,,
Tier one,,,,,
Tier one,,,,,
Tier one,,,,,
Tier one,,,,,
Tier one,,,,,
Tier one,,,,,
Tier one,,,,,
Tier one,,,,,
Tier one,,,,,
Tier one,,,,,
Tier one,,,,,
Tier one,,,,,
Tier one,,,,,
Tier one,,,,,
Tier one,,,,,
Tier one,,,,,
Tier one,,,,,
Tier one,,,,,
Tier one,,,,,
Tier one,,,,,
Tier one,,,,,
Tier one,,,,,
Tier one,,,,,
Tier one,,,,,
Tier one,,,,,
Tier one,,,,,
Tier one,,,,,
Tier one,,,,,
Tier one,,,,,
Tier one,,,,,
Tier one,,,,,
Tier one,,,,,
Tier one,,,,,
Tier one,,,,,
Tier one,,,,,
Tier one,,,,,
Tier one,,,,,
Tier one,,,,,
Tier one,,,,,
Tier one,,,,,
Tier one,,,,,
Tier one,,,,,
Tier one,,,,,
Tier one,,,,,
Tier one,,,,,
Tier one,,,,,
Tier one,,,,,
Tier one,,,,,
Tier one,,,,,
Tier one,,,,,
Tier one,,,,,
Tier one,,,,,
Tier one,,,,,
Tier one,,,,,
Tier one,,,,,
Tier one,,,,,
Tier one,,,,,
Tier one,,,,,
Tier one,,,,,
Tier one,,,,,
Tier one,,,,,
Tier one,,,,,
Tier one,,,,,
Tier one,,,,,
Tier one,,,,,
Tier one,,,,,
Tier one,,,,,
Tier one,,,,,
Tier one,,,,,
Tier one,,,,,
Tier one,,,,,
Tier one,,,,,
Tier one,,,,,
Tier one,,,,,
Tier one,,,,,
Tier one,,,,,
Tier one,,,,,
Tier one,,,,,
Tier one,,,,,
Tier one,,,,,
Tier one,,,,,
Tier one,,,,,
Tier one,,,,,
Tier one,,,,,
Tier one,,,,,
Tier one,,,,,
Tier one,,,,,
Tier one,,,,,
Tier one,,,,,
Tier one,,,,,
Tier one,,,,,
Tier one,,,,,
Tier one,,,,,
Tier one,,,,,
Tier one,,,,,
Tier one,,,,,
Tier one,,,,,
Tier one,,,,,
Tier one,,,,,
Tier one,,,,,
Tier one,,,,,
Tier one,,,,,
Tier one,,,,,
Tier one,,,,,
Tier one,,,,,
Tier one,,,,,
Tier one,,,,,
Tier one,,,,,
Tier one,,,,,
Tier one,,,,,
Tier one,,,,,
Tier one,,,,,
Tier one,,,,,
Tier one,,,,,
Tier one,,,,,
Tier one,,,,,
Tier one,,,,,
Tier one,,,,,
Tier one,,,,,
Tier one,,,,,
Tier one,,,,,
Tier one,,,,,
Tier one,,,,,
Tier one,,,,,
Tier one,,,,,
Tier one,,,,,
Tier one,,,,,
Tier one,,,,,
Tier one,,,,,
Tier one,,,,,
Tier one,,,,,
Tier one,,,,,
Tier one,,,,,
Tier one,,,,,
Tier one,,,,,
Tier one,,,,,
Tier one,,,,,
Tier one,,,,,
Tier one,,,,,
Tier one,,,,,
Tier one,,,,,
Tier one,,,,,
Tier one,,,,,
Tier one,,,,,
Tier one,,,,,
Tier one,,,,,
Tier one,,,,,
Tier one,,,,,
Tier one,,,,,
Tier one,,,,,
Tier one,,,,,
Tier one,,,,,
Tier one,,,,,
Tier one,,,,,
Tier one,,,,,
Tier one,,,,,
Tier one,,,,,
Tier one,,,,,
Tier one,,,,,
Tier one,,,,,
Tier one,,,,,
Tier one,,,,,
Tier one,,,,,
Tier one,,,,,
Tier one,,,,,
Tier one,,,,,
Tier one,,,,,
Tier one,,,,,
Tier one,,,,,
Tier one,,,,,
Tier one,,,,,
Tier one,,,,,
Tier one,,,,,
Tier one,,,,,
Tier one,,,,,
Tier one,,,,,
Tier one,,,,,
Tier one,,,,,
Tier one,,,,,
Tier one,,,,,
Tier one,,,,,
Tier one,,,,,
Tier one,,,,,
Tier one,,,,,
Tier one,,,,,
Tier one,,,,,
Tier one,,,,,
Tier one,,,,,
Tier one,,,,,
Tier one,,,,,
Tier one,,,,,
Tier one,,,,,
Tier one,,,,,
Tier one,,,,,
Tier one,,,,,
Tier one,,,,,
Tier one,,,,,
Tier one,,,,,
Tier one,,,,,
Tier one,,,,,
Tier one,,,,,
Tier one,,,,,
Tier one,,,,,
Tier one,,,,,
Tier one,,,,,
Tier one,,,,,
Tier one,,,,,
Tier one,,,,,
Tier one,,,,,
Tier one,,,,,
Tier one,,,,,
Tier one,,,,,
Tier one,,,,,
Tier one,,,,,
Tier one,,,,,
Tier one,,,,,
Tier one,,,,,
Tier one,,,,,
Tier one,,,,,
Tier one,,,,,
Tier one,,,,,
Tier one,,,,,
Tier one,,,,,
Tier one,,,,,
Tier one,,,,,
Tier one,,,,,
Tier one,,,,,
Tier one,,,,,
Tier one,,,,,
Tier one,,,,,
Tier one,,,,,
Tier one,,,,,
Tier one,,,,,
Tier one,,,,,
Tier one,,,,,
Tier one,,,,,
Tier one,,,,,
Tier one,,,,,
Tier one,,,,,
Tier one,,,,,
Tier one,,,,,
Tier one,,,,,
Tier one,,,,,
Tier one,,,,,
Tier one,,,,,
Tier one,,,,,
Tier one,,,,,
Tier one,,,,,
Tier one,,,,,
Tier one,,,,,
Tier one,,,,,
Tier one,,,,,
Tier one,,,,,
Tier one,,,,,
Tier one,,,,,
Tier one,,,,,
Tier one,,,,,
Tier one,,,,,
Tier one,,,,,
Tier one,,,,,
Tier one,,,,,
Tier one,,,,,
Tier one,,,,,
Tier one,,,,,